################################################
# This is the AirStation log File.
# 	Model= WSR-6000AX8P Ver1.31
# 	LAN MAC= 02:1d:ad:be:b5:47
# 	Date= 2026/09/03
################################################

2025/01/01 00:00:00       BOOT	 WSR-6000AX8P
2025/01/01 00:00:00     SYSTEM	 [CONF|_I] Starting settings check.
2025/01/01 00:00:00     SYSTEM	 [CONF|_I] PhysSw:WB.
2025/01/01 00:00:00     SYSTEM	 [CONF|_I] WebUI IPv4 Checked:0.
2025/01/01 00:00:00     SYSTEM	 [CONF|_I] WebUI IPv6 Checked:0.
2025/01/01 00:00:00     SYSTEM	 [CONF|FI] Confirmed IPv4 manual mode.
2025/01/01 00:00:00        NTP	 start ntpclient
2025/01/01 00:00:00        NTP	 probe_count=5  hostname=ntp.jst.mfeed.ad.jp   cycle_time=3
2025/01/01 00:00:01     SYSTEM	 [LINK|FE] Undetected link-up.
2025/01/01 00:00:02      DHCPC	 adapter index 2
2025/01/01 00:00:02      DHCPC	 adapter index 12
2025/01/01 00:00:02      DHCPC	 DHCPDISCOVER on br0 to 255.255.255.255 port 67 interval 4
2025/01/01 00:00:02      DHCPC	 adapter index 12
2025/01/01 00:00:02        NTP	 start ntpclient
2025/01/01 00:00:02        NTP	 probe_count=5  hostname=ntp.jst.mfeed.ad.jp   cycle_time=3
2025/01/01 00:00:03      DHCPC	 DHCPOFFER from br0:192.168.0.1
2025/01/01 00:00:03      DHCPC	 DHCPREQUEST on br0 to 255.255.255.255 port 67
2025/01/01 00:00:03      DHCPC	 adapter index 12
2025/01/01 00:00:03      DHCPC	 DHCPACK from 192.168.0.1
2025/01/01 00:00:06      DHCPC	 bound to 192.168.0.16 -- renewal in 86398 seconds.
2025/01/01 00:00:07        NTP	 ntp.jst.mfeed.ad.jp : Unknown host
2025/01/01 00:00:26      DHCPC	 DHCPRELEASE on br0 to 192.168.0.1 port 67
2025/01/01 00:00:27      DHCPC	 adapter index 2
2025/01/01 00:00:27      DHCPC	 adapter index 12
2025/01/01 00:00:27      DHCPC	 DHCPDISCOVER on br0 to 255.255.255.255 port 67 interval 4
2025/01/01 00:00:27      DHCPC	 adapter index 12
2025/01/01 00:00:27      DHCPC	 DHCPOFFER from br0:192.168.0.1
2025/01/01 00:00:27      DHCPC	 DHCPREQUEST on br0 to 255.255.255.255 port 67
2025/01/01 00:00:27      DHCPC	 adapter index 12
2025/01/01 00:00:27      DHCPC	 DHCPACK from 192.168.0.1
2025/01/01 00:00:30      DHCPC	 bound to 192.168.0.16 -- renewal in 86397 seconds.
2025/01/01 00:00:31      WIRED	 Link Status Changed - Port0 Link DOWN
2025/01/01 00:00:31      WIRED	 Link Status Changed - Port1 Link DOWN
2025/01/01 00:00:31      WIRED	 Link Status Changed - Port2 Link UP
2025/01/01 00:00:31      WIRED	 Link Status Changed - Port6 Link DOWN
2025/01/01 00:00:34        NTP	 start ntpclient
2025/01/01 00:00:34        NTP	 probe_count=5  hostname=ntp.jst.mfeed.ad.jp   cycle_time=3
2025/01/01 00:00:34        NTP	 ntp server address 210.173.160.87
2026/07/09 14:16:09        NTP	 SUCCESS: set time :  Thu Jul  9 14:16:09 2026
2026/07/09 14:16:09        NTP	 exit ntpclient
2026/07/09 14:16:26        NTP	 start ntpclient
2026/07/09 14:16:26        NTP	 probe_count=5  hostname=ntp.jst.mfeed.ad.jp   cycle_time=3
2026/07/09 14:16:26        NTP	 ntp server address 210.173.160.87
2026/07/09 14:16:26        NTP	 SUCCESS: set time :  Thu Jul  9 14:16:26 2026
2026/07/09 14:16:26        NTP	 exit ntpclient
2026/07/09 14:17:10       AUTH	 rax0: Authenticated User - 02:05:de:29:81:4f
2026/07/09 14:17:39       AUTH	 rax0: Authenticated User - 02:72:25:c2:63:14
2026/07/09 14:18:09      WIRED	 Link Status Changed - Port1 Link UP
2026/07/09 14:18:18       AUTH	 ra0: Authenticated User - 02:52:4c:1d:47:b3
2026/07/09 14:24:08       AUTH	 rax0: Authenticated User - 02:54:21:01:ad:04
2026/07/09 14:38:06       AUTH	 rax0: Authenticated User - 02:da:a4:c8:fd:78
2026/07/09 14:38:48       AUTH	 rax0: Authenticated User - 02:72:25:c2:63:14
2026/07/09 14:39:53       AUTH	 rax0: Authenticated User - 02:05:de:29:81:4f
2026/07/09 14:45:00       AUTH	 rax0: Authenticated User - 02:da:a4:c8:fd:78
2026/07/09 14:51:53       AUTH	 ra0: Authenticated User - 02:48:93:86:27:bd
2026/07/09 14:53:05       AUTH	 rax0: Authenticated User - 02:72:25:c2:63:14
2026/07/09 14:55:18       AUTH	 rax0: Authenticated User - 02:05:de:29:81:4f
2026/07/09 15:01:42       AUTH	 rax0: Authenticated User - 02:72:25:c2:63:14
2026/07/09 15:01:46       AUTH	 rax0: Authenticated User - 02:05:de:29:81:4f
2026/07/09 15:20:12       AUTH	 rax0: Authenticated User - 02:54:21:01:ad:04
2026/07/09 15:24:42       AUTH	 rax0: Authenticated User - 02:cb:07:27:49:e0
2026/07/09 15:36:44       AUTH	 ra0: Authenticated User - 02:48:93:86:27:bd
2026/07/09 15:46:25       AUTH	 rax0: Authenticated User - 02:72:25:c2:63:14
2026/07/09 15:49:29       AUTH	 rax0: Authenticated User - 02:05:de:29:81:4f
2026/07/09 16:06:15       AUTH	 rax0: Authenticated User - 02:da:a4:c8:fd:78
2026/07/09 16:06:33       AUTH	 rax0: Authenticated User - 02:72:25:c2:63:14
2026/07/09 16:15:53       AUTH	 rax0: Authenticated User - 02:da:a4:c8:fd:78
2026/07/09 16:18:56       AUTH	 ra0: Authenticated User - 02:52:4c:1d:47:b3
2026/07/09 16:19:08       AUTH	 rax0: Authenticated User - 02:da:a4:c8:fd:78
2026/07/09 16:28:15       AUTH	 rax0: Authenticated User - 02:da:a4:c8:fd:78
2026/07/09 16:48:59       AUTH	 rax0: Authenticated User - 02:05:de:29:81:4f
2026/07/09 17:03:58       AUTH	 rax0: Authenticated User - 02:05:de:29:81:4f
2026/07/09 17:22:40       AUTH	 rax0: Authenticated User - 02:05:de:29:81:4f
2026/07/09 17:24:10       AUTH	 ra0: Authenticated User - 02:5d:48:ac:2e:81
2026/07/09 17:41:14       AUTH	 rax0: Authenticated User - 02:05:de:29:81:4f
2026/07/09 17:56:45       AUTH	 rax0: Authenticated User - 02:05:de:29:81:4f
2026/07/09 18:06:31       AUTH	 ra0: Authenticated User - 02:5d:48:ac:2e:81
2026/07/09 22:20:17       AUTH	 ra0: Authenticated User - 02:e1:23:4e:b7:54
2026/07/09 22:20:32       AUTH	 ra0: Authenticated User - 02:56:e7:08:0a:9b
2026/07/09 22:20:44       AUTH	 ra0: Authenticated User - 02:a0:04:17:18:6e
2026/07/10 08:22:27       AUTH	 ra0: Authenticated User - 02:56:e7:08:0a:9b
2026/07/10 08:22:30       AUTH	 ra0: Authenticated User - 02:ac:dd:04:3c:4a
2026/07/10 08:22:30       AUTH	 ra0: Authenticated User - 02:90:02:43:d4:79
2026/07/10 08:22:45       AUTH	 ra0: Authenticated User - 02:a0:04:17:18:6e
2026/07/10 08:35:43       AUTH	 rax0: Authenticated User - 02:94:e7:7d:e7:93
2026/07/10 08:35:43       AUTH	 rax0: Authenticated User - 02:eb:cf:05:89:ab
2026/07/10 08:35:44       AUTH	 rax0: Authenticated User - 02:a7:74:7e:cc:d2
2026/07/10 08:35:51       AUTH	 rax0: Authenticated User - 02:d9:28:09:16:0a
2026/07/10 09:12:04       AUTH	 rax0: Authenticated User - 02:a7:74:7e:cc:d2
2026/07/10 10:10:45       AUTH	 rax0: Authenticated User - 02:a7:74:7e:cc:d2
2026/07/10 10:17:25       AUTH	 rax0: Authenticated User - 02:a7:74:7e:cc:d2
2026/07/10 10:34:04       AUTH	 rax0: Authenticated User - 02:a7:74:7e:cc:d2
2026/07/10 11:02:04       AUTH	 rax0: Authenticated User - 02:a7:74:7e:cc:d2
2026/07/10 11:16:51       AUTH	 rax0: Authenticated User - 02:eb:cf:05:89:ab
2026/07/10 11:20:32       AUTH	 rax0: Authenticated User - 02:eb:cf:05:89:ab
2026/07/10 11:25:48       AUTH	 ra0: Authenticated User - 02:e1:23:4e:b7:54
2026/07/10 11:33:45       AUTH	 rax0: Authenticated User - 02:a7:74:7e:cc:d2
2026/07/10 11:34:21       AUTH	 rax0: Authenticated User - 02:eb:cf:05:89:ab
2026/07/10 12:00:55       AUTH	 rax0: Authenticated User - 02:eb:cf:05:89:ab
2026/07/10 12:10:06       AUTH	 rax0: Authenticated User - 02:72:25:c2:63:14
2026/07/10 12:14:08       AUTH	 rax0: Authenticated User - 02:72:25:c2:63:14
2026/07/10 12:17:07       AUTH	 rax0: Authenticated User - 02:72:25:c2:63:14
2026/07/10 13:02:43       AUTH	 rax0: Authenticated User - 02:72:25:c2:63:14
2026/07/10 13:08:30       AUTH	 rax0: Authenticated User - 02:72:25:c2:63:14
2026/07/10 13:08:32       AUTH	 rax0: Authenticated User - 02:eb:cf:05:89:ab
2026/07/10 13:08:39       AUTH	 rax0: Authenticated User - 02:a7:74:7e:cc:d2
2026/07/10 13:11:13       AUTH	 rax0: Authenticated User - 02:72:25:c2:63:14
2026/07/10 13:12:40       AUTH	 rax0: Authenticated User - 02:a7:74:7e:cc:d2
2026/07/10 13:12:40       AUTH	 rax0: Authenticated User - 02:eb:cf:05:89:ab
2026/07/10 13:15:32       AUTH	 ra0: Authenticated User - 02:97:68:ff:50:7e
2026/07/10 13:22:49       AUTH	 rax0: Authenticated User - 02:72:25:c2:63:14
2026/07/10 13:24:10       AUTH	 rax0: Authenticated User - 02:b1:22:68:d5:a0
2026/07/10 13:24:22       AUTH	 rax0: Authenticated User - 02:da:a4:c8:fd:78
2026/07/10 13:24:46       AUTH	 ra0: Authenticated User - 02:52:4c:1d:47:b3
2026/07/10 13:26:51       AUTH	 rax0: Authenticated User - 02:eb:cf:05:89:ab
2026/07/10 13:26:52       AUTH	 rax0: Authenticated User - 02:72:25:c2:63:14
2026/07/10 13:27:43       AUTH	 rax0: Authenticated User - 02:72:25:c2:63:14
2026/07/10 13:34:42       AUTH	 rax0: Authenticated User - 02:eb:cf:05:89:ab
2026/07/10 13:36:02       AUTH	 ra0: Authenticated User - 02:52:4c:1d:47:b3
2026/07/10 13:43:50       AUTH	 ra0: Authenticated User - 02:e1:23:4e:b7:54
2026/07/10 13:45:51       AUTH	 ra0: Authenticated User - 02:e1:23:4e:b7:54
2026/07/10 13:47:48       AUTH	 ra0: Authenticated User - 02:e1:23:4e:b7:54
2026/07/10 13:58:55       AUTH	 ra0: Authenticated User - 02:e1:23:4e:b7:54
2026/07/10 13:59:33       AUTH	 rax0: Authenticated User - 02:72:25:c2:63:14
2026/07/10 14:02:49       AUTH	 rax0: Authenticated User - 02:72:25:c2:63:14
2026/07/10 14:03:27       AUTH	 rax0: Authenticated User - 02:07:8f:2b:73:65
2026/07/10 14:04:13       AUTH	 rax0: Authenticated User - 02:47:6c:73:ce:9a
2026/07/10 14:16:01      DHCPC	 DHCPREQUEST on br0 to 192.168.0.1 port 67
2026/07/10 14:16:01      DHCPC	 adapter index 12
2026/07/10 14:16:01      DHCPC	 adapter index 12
2026/07/10 14:16:01      DHCPC	 DHCPACK from 192.168.0.1
2026/07/10 14:16:04      DHCPC	 bound to 192.168.0.16 -- renewal in 86398 seconds.
2026/07/10 14:16:26        NTP	 start ntpclient
2026/07/10 14:16:26        NTP	 probe_count=5  hostname=ntp.jst.mfeed.ad.jp   cycle_time=3
2026/07/10 14:16:26        NTP	 ntp server address 210.173.160.57
2026/07/10 14:17:59        NTP	 SUCCESS: set time :  Fri Jul 10 14:17:59 2026
2026/07/10 14:17:59        NTP	 exit ntpclient
2026/07/10 14:18:46       AUTH	 rax0: Authenticated User - 02:eb:cf:05:89:ab
2026/07/10 14:18:49       AUTH	 rax0: Authenticated User - 02:a7:74:7e:cc:d2
2026/07/10 14:31:51       AUTH	 rax0: Authenticated User - 02:eb:cf:05:89:ab
2026/07/10 14:31:52       AUTH	 rax0: Authenticated User - 02:a7:74:7e:cc:d2
2026/07/10 14:32:19       AUTH	 rax0: Authenticated User - 02:da:a4:c8:fd:78
2026/07/10 14:34:35       AUTH	 rax0: Authenticated User - 02:72:25:c2:63:14
2026/07/10 14:34:41       AUTH	 rax0: Authenticated User - 02:54:21:01:ad:04
2026/07/10 14:35:48       AUTH	 rax0: Authenticated User - 02:a7:74:7e:cc:d2
2026/07/10 14:35:51       AUTH	 rax0: Authenticated User - 02:eb:cf:05:89:ab
2026/07/10 14:36:41       AUTH	 rax0: Authenticated User - 02:b1:22:68:d5:a0
2026/07/10 14:36:44       AUTH	 rax0: Authenticated User - 02:da:a4:c8:fd:78
2026/07/10 14:40:44       AUTH	 rax0: Authenticated User - 02:b1:22:68:d5:a0
2026/07/10 14:40:45       AUTH	 ra0: Authenticated User - 02:e1:23:4e:b7:54
2026/07/10 14:40:45       AUTH	 rax0: Authenticated User - 02:da:a4:c8:fd:78
2026/07/10 14:41:42       AUTH	 ra0: Authenticated User - 02:e1:23:4e:b7:54
2026/07/10 14:45:01       AUTH	 rax0: Authenticated User - 02:b1:22:68:d5:a0
2026/07/10 14:48:23       AUTH	 rax0: Authenticated User - 02:da:a4:c8:fd:78
2026/07/10 14:49:09       AUTH	 rax0: Authenticated User - 02:05:de:29:81:4f
2026/07/10 14:50:47       AUTH	 rax0: Authenticated User - 02:a7:74:7e:cc:d2
2026/07/10 14:50:49       AUTH	 rax0: Authenticated User - 02:eb:cf:05:89:ab
2026/07/10 15:05:00       AUTH	 rax0: Authenticated User - 02:cb:07:27:49:e0
2026/07/10 15:06:28       AUTH	 rax0: Authenticated User - 02:cb:07:27:49:e0
2026/07/10 15:07:38       AUTH	 rax0: Authenticated User - 02:da:a4:c8:fd:78
2026/07/10 15:07:44       AUTH	 rax0: Authenticated User - 02:54:21:01:ad:04
2026/07/10 15:07:48       AUTH	 rax0: Authenticated User - 02:72:25:c2:63:14
2026/07/10 15:07:52       AUTH	 ra0: Authenticated User - 02:e1:23:4e:b7:54
2026/07/10 15:08:52       AUTH	 rax0: Authenticated User - 02:cb:07:27:49:e0
2026/07/10 15:10:42       AUTH	 rax0: Authenticated User - 02:a7:74:7e:cc:d2
2026/07/10 15:10:48       AUTH	 rax0: Authenticated User - 02:eb:cf:05:89:ab
2026/07/10 15:12:04       AUTH	 ra0: Authenticated User - 02:e1:23:4e:b7:54
2026/07/10 15:12:26       AUTH	 ra0: Authenticated User - 02:e1:23:4e:b7:54
2026/07/10 15:14:57       AUTH	 ra0: Authenticated User - 02:e1:23:4e:b7:54
2026/07/10 15:17:51       AUTH	 rax0: Authenticated User - 02:cb:07:27:49:e0
2026/07/10 15:20:44       AUTH	 rax0: Authenticated User - 02:eb:cf:05:89:ab
2026/07/10 15:20:45       AUTH	 rax0: Authenticated User - 02:e0:36:5b:15:06
2026/07/10 15:21:40       AUTH	 ra0: Authenticated User - 02:e1:23:4e:b7:54
2026/07/10 15:21:56       AUTH	 rax0: Authenticated User - 02:eb:cf:05:89:ab
2026/07/10 15:21:56       AUTH	 rax0: Authenticated User - 02:e0:36:5b:15:06
2026/07/10 15:59:40       AUTH	 rax0: Authenticated User - 02:da:a4:c8:fd:78
2026/07/10 16:15:51       AUTH	 rax0: Authenticated User - 02:eb:cf:05:89:ab
2026/07/10 16:15:56       AUTH	 rax0: Authenticated User - 02:e0:36:5b:15:06
2026/07/10 16:18:49       AUTH	 rax0: Authenticated User - 02:cb:07:27:49:e0
2026/07/10 16:31:19       AUTH	 rax0: Authenticated User - 02:e0:36:5b:15:06
2026/07/10 16:31:23       AUTH	 rax0: Authenticated User - 02:eb:cf:05:89:ab
2026/07/10 16:32:59       AUTH	 rax0: Authenticated User - 02:e0:36:5b:15:06
2026/07/10 16:35:05       AUTH	 rax0: Authenticated User - 02:05:de:29:81:4f
2026/07/10 16:39:41       AUTH	 ra0: Authenticated User - 02:52:4c:1d:47:b3
2026/07/10 16:54:29       AUTH	 rax0: Authenticated User - 02:05:de:29:81:4f
2026/07/10 16:54:38       AUTH	 rax0: Authenticated User - 02:eb:cf:05:89:ab
2026/07/10 16:55:01       AUTH	 rax0: Authenticated User - 02:e0:36:5b:15:06
2026/07/10 17:11:50       AUTH	 ra0: Authenticated User - 02:e1:23:4e:b7:54
2026/07/10 17:26:43       AUTH	 rax0: Authenticated User - 02:e0:36:5b:15:06
2026/07/10 17:26:43       AUTH	 rax0: Authenticated User - 02:eb:cf:05:89:ab
2026/07/10 17:45:55       AUTH	 rax0: Authenticated User - 02:da:a4:c8:fd:78
2026/07/10 18:08:58       AUTH	 ra0: Authenticated User - 02:e1:23:4e:b7:54
2026/07/10 18:46:28       AUTH	 rax0: Authenticated User - 02:e0:36:5b:15:06
2026/07/10 18:46:32       AUTH	 rax0: Authenticated User - 02:eb:cf:05:89:ab
2026/07/10 19:18:25       AUTH	 rax0: Authenticated User - 02:eb:cf:05:89:ab
2026/07/10 19:18:30       AUTH	 rax0: Authenticated User - 02:e0:36:5b:15:06
2026/07/10 19:32:41       AUTH	 rax0: Authenticated User - 02:54:21:01:ad:04
2026/07/10 19:37:25       AUTH	 rax0: Authenticated User - 02:e0:36:5b:15:06
2026/07/10 19:42:33       AUTH	 rax0: Authenticated User - 02:e0:36:5b:15:06
2026/07/10 19:50:03       AUTH	 rax0: Authenticated User - 02:e0:36:5b:15:06
2026/07/10 20:04:53       AUTH	 rax0: Authenticated User - 02:e0:36:5b:15:06
2026/07/10 20:25:01       AUTH	 rax0: Authenticated User - 02:e0:36:5b:15:06
2026/07/10 20:54:52       AUTH	 rax0: Authenticated User - 02:72:25:c2:63:14
2026/07/10 21:01:11       AUTH	 rax0: Authenticated User - 02:05:de:29:81:4f
2026/07/10 21:10:27       AUTH	 rax0: Authenticated User - 02:e0:36:5b:15:06
2026/07/10 21:10:29       AUTH	 rax0: Authenticated User - 02:eb:cf:05:89:ab
2026/07/10 21:11:00       AUTH	 rax0: Authenticated User - 02:54:21:01:ad:04
2026/07/10 21:11:10       AUTH	 ra0: Authenticated User - 02:52:4c:1d:47:b3
2026/07/10 21:18:42       AUTH	 rax0: Authenticated User - 02:e0:36:5b:15:06
2026/07/10 21:43:15       AUTH	 rax0: Authenticated User - 02:e0:36:5b:15:06
2026/07/10 21:43:20       AUTH	 rax0: Authenticated User - 02:eb:cf:05:89:ab
2026/07/10 22:43:50       AUTH	 rax0: Authenticated User - 02:eb:cf:05:89:ab
2026/07/10 22:43:58       AUTH	 rax0: Authenticated User - 02:e0:36:5b:15:06
2026/07/10 23:24:47       AUTH	 rax0: Authenticated User - 02:eb:cf:05:89:ab
2026/07/10 23:24:52       AUTH	 rax0: Authenticated User - 02:e0:36:5b:15:06
2026/07/11 03:42:45       AUTH	 ra0: Authenticated User - 02:97:68:ff:50:7e
2026/07/11 08:16:39       AUTH	 rax0: Authenticated User - 02:94:e7:7d:e7:93
2026/07/11 08:16:39       AUTH	 rax0: Authenticated User - 02:eb:cf:05:89:ab
2026/07/11 08:16:45       AUTH	 rax0: Authenticated User - 02:e0:36:5b:15:06
2026/07/11 08:19:39       AUTH	 rax0: Authenticated User - 02:eb:cf:05:89:ab
2026/07/11 08:21:41       AUTH	 rax0: Authenticated User - 02:e0:36:5b:15:06
2026/07/11 08:21:59       AUTH	 rax0: Authenticated User - 02:eb:cf:05:89:ab
2026/07/11 08:24:58       AUTH	 rax0: Authenticated User - 02:86:a2:2f:b4:82
2026/07/11 09:13:58       AUTH	 rax0: Authenticated User - 02:e0:36:5b:15:06
2026/07/11 09:52:58       AUTH	 rax0: Authenticated User - 02:eb:cf:05:89:ab
2026/07/11 09:53:00       AUTH	 rax0: Authenticated User - 02:e0:36:5b:15:06
2026/07/11 10:13:15       AUTH	 rax0: Authenticated User - 02:e0:36:5b:15:06
2026/07/11 10:13:21       AUTH	 rax0: Authenticated User - 02:eb:cf:05:89:ab
2026/07/11 10:32:19       AUTH	 rax0: Authenticated User - 02:eb:cf:05:89:ab
2026/07/11 10:32:29       AUTH	 rax0: Authenticated User - 02:e0:36:5b:15:06
2026/07/11 11:31:42       AUTH	 rax0: Authenticated User - 02:52:41:55:62:5f
2026/07/11 11:51:16       AUTH	 rax0: Authenticated User - 02:eb:cf:05:89:ab
2026/07/11 11:51:17       AUTH	 rax0: Authenticated User - 02:e0:36:5b:15:06
2026/07/11 11:54:40       AUTH	 ra0: Authenticated User - 02:e1:23:4e:b7:54
2026/07/11 11:55:17       AUTH	 rax0: Authenticated User - 02:eb:cf:05:89:ab
2026/07/11 12:47:29       AUTH	 rax0: Authenticated User - 02:eb:cf:05:89:ab
2026/07/11 12:49:06       AUTH	 rax0: Authenticated User - 02:e0:36:5b:15:06
2026/07/11 12:49:30       AUTH	 ra0: Authenticated User - 02:e1:23:4e:b7:54
2026/07/11 12:51:40       AUTH	 rax0: Authenticated User - 02:eb:cf:05:89:ab
2026/07/11 12:55:32       AUTH	 rax0: Authenticated User - 02:e0:36:5b:15:06
2026/07/11 12:55:47       AUTH	 ra0: Authenticated User - 02:e1:23:4e:b7:54
2026/07/11 13:03:27       AUTH	 ra0: Authenticated User - 02:e1:23:4e:b7:54
2026/07/11 13:04:10       AUTH	 ra0: Authenticated User - 02:e1:23:4e:b7:54
2026/07/11 13:06:56       AUTH	 ra0: Authenticated User - 02:e1:23:4e:b7:54
2026/07/11 13:10:38       AUTH	 ra0: Authenticated User - 02:e1:23:4e:b7:54
2026/07/11 13:14:12       AUTH	 ra0: Authenticated User - 02:e1:23:4e:b7:54
2026/07/11 13:21:17       AUTH	 ra0: Authenticated User - 02:e1:23:4e:b7:54
2026/07/11 13:39:34       AUTH	 rax0: Authenticated User - 02:eb:cf:05:89:ab
2026/07/11 13:47:02       AUTH	 rax0: Authenticated User - 02:eb:cf:05:89:ab
2026/07/11 14:17:34      DHCPC	 DHCPREQUEST on br0 to 192.168.0.1 port 67
2026/07/11 14:17:34      DHCPC	 adapter index 12
2026/07/11 14:17:34      DHCPC	 adapter index 12
2026/07/11 14:17:34      DHCPC	 DHCPACK from 192.168.0.1
2026/07/11 14:17:37      DHCPC	 bound to 192.168.0.16 -- renewal in 86398 seconds.
2026/07/11 14:17:59        NTP	 start ntpclient
2026/07/11 14:17:59        NTP	 probe_count=5  hostname=ntp.jst.mfeed.ad.jp   cycle_time=3
2026/07/11 14:17:59        NTP	 ntp server address 210.173.160.87
2026/07/11 14:19:32        NTP	 SUCCESS: set time :  Sat Jul 11 14:19:32 2026
2026/07/11 14:19:32        NTP	 exit ntpclient
2026/07/11 14:26:08       AUTH	 rax0: Authenticated User - 02:e0:36:5b:15:06
2026/07/11 14:26:26       AUTH	 rax0: Authenticated User - 02:eb:cf:05:89:ab
2026/07/11 15:04:08       AUTH	 rax0: Authenticated User - 02:eb:cf:05:89:ab
2026/07/11 15:04:13       AUTH	 rax0: Authenticated User - 02:e0:36:5b:15:06
2026/07/11 15:48:26       AUTH	 rax0: Authenticated User - 02:e0:36:5b:15:06
2026/07/11 15:48:44       AUTH	 rax0: Authenticated User - 02:eb:cf:05:89:ab
2026/07/11 15:56:23       AUTH	 rax0: Authenticated User - 02:eb:cf:05:89:ab
2026/07/11 16:22:30       AUTH	 rax0: Authenticated User - 02:e0:36:5b:15:06
2026/07/11 16:22:32       AUTH	 rax0: Authenticated User - 02:eb:cf:05:89:ab
2026/07/11 16:27:03       AUTH	 rax0: Authenticated User - 02:eb:cf:05:89:ab
2026/07/11 16:27:24       AUTH	 rax0: Authenticated User - 02:e0:36:5b:15:06
2026/07/11 16:38:14       AUTH	 rax0: Authenticated User - 02:eb:cf:05:89:ab
2026/07/11 16:38:38       AUTH	 rax0: Authenticated User - 02:e0:36:5b:15:06
2026/07/11 16:49:00       AUTH	 rax0: Authenticated User - 02:e0:36:5b:15:06
2026/07/11 17:04:15       AUTH	 rax0: Authenticated User - 02:e0:36:5b:15:06
2026/07/11 17:04:51       AUTH	 rax0: Authenticated User - 02:eb:cf:05:89:ab
2026/07/11 17:24:28       AUTH	 rax0: Authenticated User - 02:eb:cf:05:89:ab
2026/07/11 17:32:47       AUTH	 rax0: Authenticated User - 02:eb:cf:05:89:ab
2026/07/11 17:48:20       AUTH	 rax0: Authenticated User - 02:eb:cf:05:89:ab
2026/07/11 19:21:28       AUTH	 rax0: Authenticated User - 02:e0:36:5b:15:06
2026/07/11 19:21:58       AUTH	 rax0: Authenticated User - 02:eb:cf:05:89:ab
2026/07/11 19:43:55       AUTH	 rax0: Authenticated User - 02:eb:cf:05:89:ab
2026/07/11 20:26:13       AUTH	 rax0: Authenticated User - 02:e0:36:5b:15:06
2026/07/11 21:28:07       AUTH	 rax0: Authenticated User - 02:eb:cf:05:89:ab
2026/07/11 21:28:08       AUTH	 rax0: Authenticated User - 02:e0:36:5b:15:06
2026/07/12 03:42:45       AUTH	 ra0: Authenticated User - 02:97:68:ff:50:7e
2026/07/12 12:46:41       AUTH	 ra0: Authenticated User - 02:e1:23:4e:b7:54
2026/07/12 14:19:07      DHCPC	 DHCPREQUEST on br0 to 192.168.0.1 port 67
2026/07/12 14:19:07      DHCPC	 adapter index 12
2026/07/12 14:19:07      DHCPC	 adapter index 12
2026/07/12 14:19:07      DHCPC	 DHCPACK from 192.168.0.1
2026/07/12 14:19:10      DHCPC	 bound to 192.168.0.16 -- renewal in 86397 seconds.
2026/07/12 14:19:32        NTP	 start ntpclient
2026/07/12 14:19:32        NTP	 probe_count=5  hostname=ntp.jst.mfeed.ad.jp   cycle_time=3
2026/07/12 14:19:32        NTP	 ntp server address 210.173.160.57
2026/07/12 14:21:05        NTP	 SUCCESS: set time :  Sun Jul 12 14:21:05 2026
2026/07/12 14:21:05        NTP	 exit ntpclient
2026/07/12 23:49:27       AUTH	 ra0: Authenticated User - 02:e1:23:4e:b7:54
2026/07/13 01:57:06       AUTH	 rax0: Authenticated User - 02:47:6c:73:ce:9a
2026/07/13 03:42:45       AUTH	 ra0: Authenticated User - 02:97:68:ff:50:7e
2026/07/13 07:09:18       AUTH	 ra0: Authenticated User - 02:e1:23:4e:b7:54
2026/07/13 07:09:30       AUTH	 ra0: Authenticated User - 02:97:68:ff:50:7e
2026/07/13 07:09:36       AUTH	 ra0: Authenticated User - 02:a0:04:17:18:6e
2026/07/13 09:02:46       AUTH	 ra0: Authenticated User - 02:e1:23:4e:b7:54
2026/07/13 09:17:31       AUTH	 ra0: Authenticated User - 02:e1:23:4e:b7:54
2026/07/13 09:24:16       AUTH	 rax0: Authenticated User - 02:2e:a4:71:b4:cb
2026/07/13 09:37:18       AUTH	 rax0: Authenticated User - 02:2e:a4:71:b4:cb
2026/07/13 09:39:00       AUTH	 rax0: Authenticated User - 02:2e:a4:71:b4:cb
2026/07/13 10:03:32       AUTH	 rax0: Authenticated User - 02:2e:a4:71:b4:cb
2026/07/13 11:27:52       AUTH	 rax0: Authenticated User - 02:2e:a4:71:b4:cb
2026/07/13 11:56:13       AUTH	 rax0: Authenticated User - 02:2e:a4:71:b4:cb
2026/07/13 12:14:58       AUTH	 rax0: Authenticated User - 02:2e:a4:71:b4:cb
2026/07/13 13:06:17       AUTH	 rax0: Authenticated User - 02:eb:cf:05:89:ab
2026/07/13 13:06:23       AUTH	 rax0: Authenticated User - 02:e0:36:5b:15:06
2026/07/13 13:06:26       AUTH	 rax0: Authenticated User - 02:94:e7:7d:e7:93
2026/07/13 13:15:22       AUTH	 rax0: Authenticated User - 02:eb:cf:05:89:ab
2026/07/13 13:15:27       AUTH	 rax0: Authenticated User - 02:e0:36:5b:15:06
2026/07/13 13:22:43       AUTH	 rax0: Authenticated User - 02:2e:a4:71:b4:cb
2026/07/13 13:35:50       AUTH	 rax0: Authenticated User - 02:2e:a4:71:b4:cb
2026/07/13 13:43:03       AUTH	 rax0: Authenticated User - 02:e0:36:5b:15:06
2026/07/13 13:43:18       AUTH	 rax0: Authenticated User - 02:eb:cf:05:89:ab
2026/07/13 13:51:31       AUTH	 rax0: Authenticated User - 02:eb:cf:05:89:ab
2026/07/13 13:52:27       AUTH	 rax0: Authenticated User - 02:e0:36:5b:15:06
2026/07/13 13:52:28       AUTH	 rax0: Authenticated User - 02:eb:cf:05:89:ab
2026/07/13 13:53:33       AUTH	 rax0: Authenticated User - 02:eb:cf:05:89:ab
2026/07/13 13:59:46       AUTH	 rax0: Authenticated User - 02:eb:cf:05:89:ab
2026/07/13 13:59:52       AUTH	 rax0: Authenticated User - 02:e0:36:5b:15:06
2026/07/13 14:20:40      DHCPC	 DHCPREQUEST on br0 to 192.168.0.1 port 67
2026/07/13 14:20:40      DHCPC	 adapter index 12
2026/07/13 14:20:40      DHCPC	 adapter index 12
2026/07/13 14:20:40      DHCPC	 DHCPACK from 192.168.0.1
2026/07/13 14:20:43      DHCPC	 bound to 192.168.0.16 -- renewal in 86398 seconds.
2026/07/13 14:21:05        NTP	 start ntpclient
2026/07/13 14:21:05        NTP	 probe_count=5  hostname=ntp.jst.mfeed.ad.jp   cycle_time=3
2026/07/13 14:21:05        NTP	 ntp server address 210.173.160.27
2026/07/13 14:22:37        NTP	 SUCCESS: set time :  Mon Jul 13 14:22:37 2026
2026/07/13 14:22:37        NTP	 exit ntpclient
2026/07/13 14:35:35       AUTH	 rax0: Authenticated User - 02:05:de:29:81:4f
2026/07/13 14:53:36       AUTH	 rax0: Authenticated User - 02:eb:cf:05:89:ab
2026/07/13 14:53:37       AUTH	 rax0: Authenticated User - 02:e0:36:5b:15:06
2026/07/13 14:55:22       AUTH	 ra0: Authenticated User - 02:e1:23:4e:b7:54
2026/07/13 14:58:40       AUTH	 rax0: Authenticated User - 02:b1:22:68:d5:a0
2026/07/13 15:01:30       AUTH	 rax0: Authenticated User - 02:eb:cf:05:89:ab
2026/07/13 15:01:36       AUTH	 rax0: Authenticated User - 02:e0:36:5b:15:06
2026/07/13 15:04:05       AUTH	 rax0: Authenticated User - 02:2e:a4:71:b4:cb
2026/07/13 15:13:22       AUTH	 rax0: Authenticated User - 02:07:c5:d4:ff:52
2026/07/13 15:14:09       AUTH	 rax0: Authenticated User - 02:88:2d:a4:6d:e3
2026/07/13 15:37:26       AUTH	 ra0: Authenticated User - 02:2e:12:e2:ae:7a
2026/07/13 15:38:13       AUTH	 rax0: Authenticated User - 02:eb:cf:05:89:ab
2026/07/13 15:38:15       AUTH	 rax0: Authenticated User - 02:e0:36:5b:15:06
2026/07/13 15:40:09       AUTH	 ra0: Authenticated User - 02:e1:23:4e:b7:54
2026/07/13 15:40:38       AUTH	 ra0: Authenticated User - 02:e1:23:4e:b7:54
2026/07/13 15:41:49       AUTH	 ra0: Authenticated User - 02:e1:23:4e:b7:54
2026/07/13 15:42:56       AUTH	 ra0: Authenticated User - 02:e1:23:4e:b7:54
2026/07/13 15:49:40       AUTH	 rax0: Authenticated User - 02:05:de:29:81:4f
2026/07/13 15:52:40       AUTH	 rax0: Authenticated User - 02:2e:a4:71:b4:cb
2026/07/13 15:53:03       AUTH	 rax0: Authenticated User - 02:94:e7:7d:e7:93
2026/07/13 15:53:05       AUTH	 rax0: Authenticated User - 02:e0:36:5b:15:06
2026/07/13 15:53:07       AUTH	 rax0: Authenticated User - 02:eb:cf:05:89:ab
2026/07/13 15:59:31       AUTH	 ra0: Authenticated User - 02:e1:23:4e:b7:54
2026/07/13 16:04:31       AUTH	 ra0: Authenticated User - 02:e1:23:4e:b7:54
2026/07/13 16:04:58       AUTH	 ra0: Authenticated User - 02:e1:23:4e:b7:54
2026/07/13 16:06:33       AUTH	 ra0: Authenticated User - 02:e1:23:4e:b7:54
2026/07/13 16:07:03       AUTH	 ra0: Authenticated User - 02:e1:23:4e:b7:54
2026/07/13 16:07:21       AUTH	 ra0: Authenticated User - 02:e1:23:4e:b7:54
2026/07/13 16:12:27       AUTH	 ra0: Authenticated User - 02:e1:23:4e:b7:54
2026/07/13 16:14:58       AUTH	 rax0: Authenticated User - 02:eb:cf:05:89:ab
2026/07/13 16:14:59       AUTH	 rax0: Authenticated User - 02:e0:36:5b:15:06
2026/07/13 16:34:56       AUTH	 rax0: Authenticated User - 02:e0:36:5b:15:06
2026/07/13 16:35:07       AUTH	 rax0: Authenticated User - 02:eb:cf:05:89:ab
2026/07/13 16:50:53       AUTH	 rax0: Authenticated User - 02:eb:cf:05:89:ab
2026/07/13 16:54:51       AUTH	 rax0: Authenticated User - 02:5d:48:ac:2e:81
2026/07/13 17:09:58       AUTH	 ra0: Authenticated User - 02:2e:12:e2:ae:7a
2026/07/13 17:17:04       AUTH	 rax0: Authenticated User - 02:e0:36:5b:15:06
2026/07/13 17:17:14       AUTH	 rax0: Authenticated User - 02:eb:cf:05:89:ab
2026/07/13 17:26:14       AUTH	 rax0: Authenticated User - 02:e0:36:5b:15:06
2026/07/13 17:26:22       AUTH	 rax0: Authenticated User - 02:eb:cf:05:89:ab
2026/07/13 17:32:34       AUTH	 rax0: Authenticated User - 02:b1:22:68:d5:a0
2026/07/13 17:32:52       AUTH	 rax0: Authenticated User - 02:da:a4:c8:fd:78
2026/07/13 17:52:34       AUTH	 rax0: Authenticated User - 02:eb:cf:05:89:ab
2026/07/13 17:52:35       AUTH	 rax0: Authenticated User - 02:e0:36:5b:15:06
2026/07/13 21:50:51       AUTH	 ra0: Authenticated User - 02:56:e7:08:0a:9b
2026/07/13 21:50:55       AUTH	 ra0: Authenticated User - 02:a0:04:17:18:6e
2026/07/13 21:51:00       AUTH	 ra0: Authenticated User - 02:97:68:ff:50:7e
2026/07/13 21:51:09       AUTH	 ra0: Authenticated User - 02:90:02:43:d4:79
2026/07/14 01:57:15       AUTH	 rax0: Authenticated User - 02:07:8f:2b:73:65
2026/07/14 03:42:45       AUTH	 ra0: Authenticated User - 02:97:68:ff:50:7e
2026/07/14 07:07:09       AUTH	 ra0: Authenticated User - 02:97:68:ff:50:7e
2026/07/14 07:07:16       AUTH	 ra0: Authenticated User - 02:90:02:43:d4:79
2026/07/14 07:07:17       AUTH	 ra0: Authenticated User - 02:a0:04:17:18:6e
2026/07/14 09:18:35       AUTH	 rax0: Authenticated User - 02:2e:1b:f8:6e:45
2026/07/14 12:36:13       AUTH	 ra0: Authenticated User - 02:90:02:43:d4:79
2026/07/14 12:37:12       AUTH	 rax0: Authenticated User - 02:2e:1b:f8:6e:45
2026/07/14 13:48:07       AUTH	 rax0: Authenticated User - 02:72:25:c2:63:14
2026/07/14 14:22:13      DHCPC	 DHCPREQUEST on br0 to 192.168.0.1 port 67
2026/07/14 14:22:13      DHCPC	 adapter index 12
2026/07/14 14:22:13      DHCPC	 adapter index 12
2026/07/14 14:22:13      DHCPC	 DHCPACK from 192.168.0.1
2026/07/14 14:22:16      DHCPC	 bound to 192.168.0.16 -- renewal in 86398 seconds.
2026/07/14 14:22:37        NTP	 start ntpclient
2026/07/14 14:22:37        NTP	 probe_count=5  hostname=ntp.jst.mfeed.ad.jp   cycle_time=3
2026/07/14 14:22:37        NTP	 ntp server address 210.173.160.57
2026/07/14 14:24:10        NTP	 SUCCESS: set time :  Tue Jul 14 14:24:10 2026
2026/07/14 14:24:10        NTP	 exit ntpclient
2026/07/14 15:16:19       AUTH	 rax0: Authenticated User - 02:72:25:c2:63:14
2026/07/14 15:18:56       AUTH	 rax0: Authenticated User - 02:54:21:01:ad:04
2026/07/14 15:19:39       AUTH	 rax0: Authenticated User - 02:54:21:01:ad:04
2026/07/14 15:19:42       AUTH	 rax0: Authenticated User - 02:72:25:c2:63:14
2026/07/14 15:29:14       AUTH	 rax0: Authenticated User - 02:54:21:01:ad:04
2026/07/14 15:29:18       AUTH	 rax0: Authenticated User - 02:72:25:c2:63:14
2026/07/14 15:33:52       AUTH	 rax0: Authenticated User - 02:54:21:01:ad:04
2026/07/14 15:33:55       AUTH	 rax0: Authenticated User - 02:72:25:c2:63:14
2026/07/14 17:59:48       AUTH	 rax0: Authenticated User - 02:72:25:c2:63:14
2026/07/14 18:24:47       AUTH	 rax0: Authenticated User - 02:72:25:c2:63:14
2026/07/14 18:56:07       AUTH	 rax0: Authenticated User - 02:72:25:c2:63:14
2026/07/15 03:42:45       AUTH	 ra0: Authenticated User - 02:97:68:ff:50:7e
2026/07/15 13:16:59       AUTH	 rax0: Authenticated User - 02:eb:cf:05:89:ab
2026/07/15 13:17:02       AUTH	 rax0: Authenticated User - 02:e0:36:5b:15:06
2026/07/15 14:18:29       AUTH	 rax0: Authenticated User - 02:eb:cf:05:89:ab
2026/07/15 14:18:29       AUTH	 rax0: Authenticated User - 02:e0:36:5b:15:06
2026/07/15 14:21:35       AUTH	 rax0: Authenticated User - 02:e0:36:5b:15:06
2026/07/15 14:21:37       AUTH	 rax0: Authenticated User - 02:eb:cf:05:89:ab
2026/07/15 14:21:38       AUTH	 rax0: Authenticated User - 02:94:e7:7d:e7:93
2026/07/15 14:21:39       AUTH	 rax0: Authenticated User - 02:86:a2:2f:b4:82
2026/07/15 14:23:46      DHCPC	 DHCPREQUEST on br0 to 192.168.0.1 port 67
2026/07/15 14:23:46      DHCPC	 adapter index 12
2026/07/15 14:23:46      DHCPC	 adapter index 12
2026/07/15 14:23:46      DHCPC	 DHCPACK from 192.168.0.1
2026/07/15 14:23:49      DHCPC	 bound to 192.168.0.16 -- renewal in 86397 seconds.
2026/07/15 14:24:10        NTP	 start ntpclient
2026/07/15 14:24:10        NTP	 probe_count=5  hostname=ntp.jst.mfeed.ad.jp   cycle_time=3
2026/07/15 14:24:10        NTP	 ntp server address 210.173.160.27
2026/07/15 14:25:43        NTP	 SUCCESS: set time :  Wed Jul 15 14:25:43 2026
2026/07/15 14:25:43        NTP	 exit ntpclient
2026/07/15 14:59:03       AUTH	 rax0: Authenticated User - 02:eb:cf:05:89:ab
2026/07/15 17:03:45       AUTH	 rax0: Authenticated User - 02:eb:cf:05:89:ab
2026/07/15 17:03:46       AUTH	 rax0: Authenticated User - 02:e0:36:5b:15:06
2026/07/15 20:41:54       AUTH	 ra0: Authenticated User - 02:a0:04:17:18:6e
2026/07/15 20:42:06       AUTH	 ra0: Authenticated User - 02:97:68:ff:50:7e
2026/07/15 23:50:10       AUTH	 ra0: Authenticated User - 02:56:e7:08:0a:9b
2026/07/15 23:50:12       AUTH	 ra0: Authenticated User - 02:97:68:ff:50:7e
2026/07/15 23:50:20       AUTH	 ra0: Authenticated User - 02:a0:04:17:18:6e
2026/07/16 03:03:05       AUTH	 ra0: Authenticated User - 02:a0:04:17:18:6e
2026/07/16 03:03:17       AUTH	 ra0: Authenticated User - 02:97:68:ff:50:7e
2026/07/16 03:42:45       AUTH	 ra0: Authenticated User - 02:97:68:ff:50:7e
2026/07/16 04:02:10       AUTH	 rax0: Authenticated User - 02:52:41:55:62:5f
2026/07/16 06:26:11       AUTH	 ra0: Authenticated User - 02:a0:04:17:18:6e
2026/07/16 06:26:23       AUTH	 ra0: Authenticated User - 02:97:68:ff:50:7e
2026/07/16 12:07:21       AUTH	 ra0: Authenticated User - 02:90:02:43:d4:79
2026/07/16 12:07:21       AUTH	 ra0: Authenticated User - 02:56:e7:08:0a:9b
2026/07/16 12:07:30       AUTH	 ra0: Authenticated User - 02:97:68:ff:50:7e
2026/07/16 12:07:37       AUTH	 ra0: Authenticated User - 02:a0:04:17:18:6e
2026/07/16 12:16:19       AUTH	 rax0: Authenticated User - 02:b1:22:68:d5:a0
2026/07/16 12:19:14       AUTH	 rax0: Authenticated User - 02:72:25:c2:63:14
2026/07/16 14:11:47       AUTH	 ra0: Authenticated User - 02:e1:23:4e:b7:54
2026/07/16 14:25:19      DHCPC	 DHCPREQUEST on br0 to 192.168.0.1 port 67
2026/07/16 14:25:19      DHCPC	 adapter index 12
2026/07/16 14:25:19      DHCPC	 adapter index 12
2026/07/16 14:25:19      DHCPC	 DHCPACK from 192.168.0.1
2026/07/16 14:25:22      DHCPC	 bound to 192.168.0.16 -- renewal in 86397 seconds.
2026/07/16 14:25:43        NTP	 start ntpclient
2026/07/16 14:25:43        NTP	 probe_count=5  hostname=ntp.jst.mfeed.ad.jp   cycle_time=3
2026/07/16 14:25:43        NTP	 ntp server address 210.173.160.57
2026/07/16 14:27:16        NTP	 SUCCESS: set time :  Thu Jul 16 14:27:16 2026
2026/07/16 14:27:16        NTP	 exit ntpclient
2026/07/16 14:38:33       AUTH	 rax0: Authenticated User - 02:72:25:c2:63:14
2026/07/16 14:38:45       AUTH	 rax0: Authenticated User - 02:54:21:01:ad:04
2026/07/16 18:09:33       AUTH	 ra0: Authenticated User - 02:e1:23:4e:b7:54
2026/07/16 18:12:15       AUTH	 rax0: Authenticated User - 02:54:21:01:ad:04
2026/07/16 18:12:26       AUTH	 rax0: Authenticated User - 02:72:25:c2:63:14
2026/07/16 18:23:29       AUTH	 ra0: Authenticated User - 02:e1:23:4e:b7:54
2026/07/16 18:33:45       AUTH	 rax0: Authenticated User - 02:72:25:c2:63:14
2026/07/16 18:39:33       AUTH	 rax0: Authenticated User - 02:54:21:01:ad:04
2026/07/16 18:39:33       AUTH	 rax0: Authenticated User - 02:72:25:c2:63:14
2026/07/16 18:45:12       AUTH	 ra0: Authenticated User - 02:e1:23:4e:b7:54
2026/07/16 19:02:21       AUTH	 rax0: Authenticated User - 02:54:21:01:ad:04
2026/07/16 19:13:45       AUTH	 rax0: Authenticated User - 02:54:21:01:ad:04
2026/07/16 19:40:52       AUTH	 rax0: Authenticated User - 02:b1:22:68:d5:a0
2026/07/16 19:46:25       AUTH	 rax0: Authenticated User - 02:54:21:01:ad:04
2026/07/17 01:19:29       AUTH	 ra0: Authenticated User - 02:a0:04:17:18:6e
2026/07/17 01:19:31       AUTH	 ra0: Authenticated User - 02:e1:23:4e:b7:54
2026/07/17 01:19:41       AUTH	 ra0: Authenticated User - 02:97:68:ff:50:7e
2026/07/17 03:42:46       AUTH	 ra0: Authenticated User - 02:97:68:ff:50:7e
2026/07/17 06:19:35       AUTH	 ra0: Authenticated User - 02:a0:04:17:18:6e
2026/07/17 06:19:38       AUTH	 ra0: Authenticated User - 02:56:e7:08:0a:9b
2026/07/17 06:19:38       AUTH	 ra0: Authenticated User - 02:90:02:43:d4:79
2026/07/17 06:19:47       AUTH	 ra0: Authenticated User - 02:97:68:ff:50:7e
2026/07/17 06:25:18       AUTH	 ra0: Authenticated User - 02:e1:23:4e:b7:54
2026/07/17 06:37:00       AUTH	 ra0: Authenticated User - 02:e1:23:4e:b7:54
2026/07/17 07:11:23       AUTH	 ra0: Authenticated User - 02:e1:23:4e:b7:54
2026/07/17 07:12:09       AUTH	 ra0: Authenticated User - 02:e1:23:4e:b7:54
2026/07/17 07:14:16       AUTH	 ra0: Authenticated User - 02:e1:23:4e:b7:54
2026/07/17 07:17:50       AUTH	 ra0: Authenticated User - 02:e1:23:4e:b7:54
2026/07/17 07:23:51       AUTH	 ra0: Authenticated User - 02:e1:23:4e:b7:54
2026/07/17 07:27:01       AUTH	 ra0: Authenticated User - 02:e1:23:4e:b7:54
2026/07/17 07:40:26       AUTH	 ra0: Authenticated User - 02:e1:23:4e:b7:54
2026/07/17 07:41:25       AUTH	 ra0: Authenticated User - 02:e1:23:4e:b7:54
2026/07/17 07:51:16       AUTH	 ra0: Authenticated User - 02:e1:23:4e:b7:54
2026/07/17 07:51:34       AUTH	 ra0: Authenticated User - 02:e1:23:4e:b7:54
2026/07/17 08:54:49       AUTH	 ra0: Authenticated User - 02:e1:23:4e:b7:54
2026/07/17 08:56:06       AUTH	 ra0: Authenticated User - 02:e1:23:4e:b7:54
2026/07/17 08:56:44       AUTH	 ra0: Authenticated User - 02:e1:23:4e:b7:54
2026/07/17 08:59:27       AUTH	 ra0: Authenticated User - 02:e1:23:4e:b7:54
2026/07/17 09:00:24       AUTH	 ra0: Authenticated User - 02:e1:23:4e:b7:54
2026/07/17 11:03:30       AUTH	 ra0: Authenticated User - 02:e1:23:4e:b7:54
2026/07/17 11:15:45       AUTH	 ra0: Authenticated User - 02:e1:23:4e:b7:54
2026/07/17 11:23:53       AUTH	 ra0: Authenticated User - 02:e1:23:4e:b7:54
2026/07/17 14:17:49       AUTH	 rax0: Authenticated User - 02:54:21:01:ad:04
2026/07/17 14:26:52      DHCPC	 DHCPREQUEST on br0 to 192.168.0.1 port 67
2026/07/17 14:26:52      DHCPC	 adapter index 12
2026/07/17 14:26:52      DHCPC	 adapter index 12
2026/07/17 14:26:52      DHCPC	 DHCPACK from 192.168.0.1
2026/07/17 14:26:55      DHCPC	 bound to 192.168.0.16 -- renewal in 86397 seconds.
2026/07/17 14:27:16        NTP	 start ntpclient
2026/07/17 14:27:16        NTP	 probe_count=5  hostname=ntp.jst.mfeed.ad.jp   cycle_time=3
2026/07/17 14:27:16        NTP	 ntp server address 210.173.160.27
2026/07/17 14:28:49        NTP	 SUCCESS: set time :  Fri Jul 17 14:28:49 2026
2026/07/17 14:28:49        NTP	 exit ntpclient
2026/07/17 14:32:05       AUTH	 rax0: Authenticated User - 02:72:25:c2:63:14
2026/07/17 14:57:34       AUTH	 rax0: Authenticated User - 02:54:21:01:ad:04
2026/07/17 14:57:48       AUTH	 rax0: Authenticated User - 02:72:25:c2:63:14
2026/07/17 15:43:47       AUTH	 rax0: Authenticated User - 02:72:25:c2:63:14
2026/07/17 15:43:58       AUTH	 rax0: Authenticated User - 02:54:21:01:ad:04
2026/07/17 16:31:39       AUTH	 rax0: Authenticated User - 02:72:25:c2:63:14
2026/07/17 16:55:31       AUTH	 ra0: Authenticated User - 02:e1:23:4e:b7:54
2026/07/17 17:06:23       AUTH	 rax0: Authenticated User - 02:72:25:c2:63:14
2026/07/17 17:08:39       AUTH	 rax0: Authenticated User - 02:54:21:01:ad:04
2026/07/17 17:08:39       AUTH	 rax0: Authenticated User - 02:72:25:c2:63:14
2026/07/17 19:33:04       AUTH	 rax0: Authenticated User - 02:72:25:c2:63:14
2026/07/17 20:33:21       AUTH	 rax0: Authenticated User - 02:72:25:c2:63:14
2026/07/18 03:42:45       AUTH	 ra0: Authenticated User - 02:97:68:ff:50:7e
2026/07/18 04:22:12       AUTH	 ra0: Authenticated User - 02:97:68:ff:50:7e
2026/07/18 04:22:19       AUTH	 ra0: Authenticated User - 02:a0:04:17:18:6e
2026/07/18 14:28:25      DHCPC	 DHCPREQUEST on br0 to 192.168.0.1 port 67
2026/07/18 14:28:25      DHCPC	 adapter index 12
2026/07/18 14:28:25      DHCPC	 adapter index 12
2026/07/18 14:28:25      DHCPC	 DHCPACK from 192.168.0.1
2026/07/18 14:28:28      DHCPC	 bound to 192.168.0.16 -- renewal in 86397 seconds.
2026/07/18 14:28:49        NTP	 start ntpclient
2026/07/18 14:28:49        NTP	 probe_count=5  hostname=ntp.jst.mfeed.ad.jp   cycle_time=3
2026/07/18 14:28:49        NTP	 ntp server address 210.173.160.27
2026/07/18 14:30:22        NTP	 SUCCESS: set time :  Sat Jul 18 14:30:22 2026
2026/07/18 14:30:22        NTP	 exit ntpclient
2026/07/19 05:18:18       AUTH	 ra0: Authenticated User - 02:97:68:ff:50:7e
2026/07/19 14:29:57      DHCPC	 DHCPREQUEST on br0 to 192.168.0.1 port 67
2026/07/19 14:29:57      DHCPC	 adapter index 12
2026/07/19 14:29:57      DHCPC	 adapter index 12
2026/07/19 14:29:58      DHCPC	 DHCPACK from 192.168.0.1
2026/07/19 14:30:01      DHCPC	 bound to 192.168.0.16 -- renewal in 86397 seconds.
2026/07/19 14:30:22        NTP	 start ntpclient
2026/07/19 14:30:22        NTP	 probe_count=5  hostname=ntp.jst.mfeed.ad.jp   cycle_time=3
2026/07/19 14:30:22        NTP	 ntp server address 210.173.160.87
2026/07/19 14:31:55        NTP	 SUCCESS: set time :  Sun Jul 19 14:31:55 2026
2026/07/19 14:31:55        NTP	 exit ntpclient
2026/07/20 03:42:45       AUTH	 ra0: Authenticated User - 02:97:68:ff:50:7e
2026/07/20 04:21:12       AUTH	 ra0: Authenticated User - 02:90:02:43:d4:79
2026/07/20 04:21:12       AUTH	 ra0: Authenticated User - 02:56:e7:08:0a:9b
2026/07/20 04:21:21       AUTH	 ra0: Authenticated User - 02:97:68:ff:50:7e
2026/07/20 04:21:23       AUTH	 ra0: Authenticated User - 02:e1:23:4e:b7:54
2026/07/20 04:21:29       AUTH	 ra0: Authenticated User - 02:a0:04:17:18:6e
2026/07/20 13:30:16       AUTH	 ra0: Authenticated User - 02:e1:23:4e:b7:54
2026/07/20 13:54:11       AUTH	 ra0: Authenticated User - 02:e1:23:4e:b7:54
2026/07/20 14:31:30      DHCPC	 DHCPREQUEST on br0 to 192.168.0.1 port 67
2026/07/20 14:31:30      DHCPC	 adapter index 12
2026/07/20 14:31:30      DHCPC	 adapter index 12
2026/07/20 14:31:30      DHCPC	 DHCPACK from 192.168.0.1
2026/07/20 14:31:33      DHCPC	 bound to 192.168.0.16 -- renewal in 86398 seconds.
2026/07/20 14:31:55        NTP	 start ntpclient
2026/07/20 14:31:55        NTP	 probe_count=5  hostname=ntp.jst.mfeed.ad.jp   cycle_time=3
2026/07/20 14:31:55        NTP	 ntp server address 210.173.160.27
2026/07/20 14:33:28        NTP	 SUCCESS: set time :  Mon Jul 20 14:33:28 2026
2026/07/20 14:33:28        NTP	 exit ntpclient
2026/07/21 03:42:45       AUTH	 ra0: Authenticated User - 02:97:68:ff:50:7e
2026/07/21 06:18:38       AUTH	 ra0: Authenticated User - 02:e1:23:4e:b7:54
2026/07/21 06:18:42       AUTH	 ra0: Authenticated User - 02:90:02:43:d4:79
2026/07/21 06:18:42       AUTH	 ra0: Authenticated User - 02:56:e7:08:0a:9b
2026/07/21 06:18:42       AUTH	 ra0: Authenticated User - 02:a0:04:17:18:6e
2026/07/21 06:18:54       AUTH	 ra0: Authenticated User - 02:97:68:ff:50:7e
2026/07/21 13:59:47       AUTH	 rax0: Authenticated User - 02:72:25:c2:63:14
2026/07/21 14:01:02       AUTH	 rax0: Authenticated User - 02:54:21:01:ad:04
2026/07/21 14:01:02       AUTH	 rax0: Authenticated User - 02:3e:56:2d:0b:e3
2026/07/21 14:01:03       AUTH	 ra0: Authenticated User - 02:e1:23:4e:b7:54
2026/07/21 14:01:04       AUTH	 rax0: Authenticated User - 02:52:41:55:62:5f
2026/07/21 14:01:04       AUTH	 rax0: Authenticated User - 02:da:a4:c8:fd:78
2026/07/21 14:01:07       AUTH	 rax0: Authenticated User - 02:fc:5d:ce:6b:b4
2026/07/21 14:01:07       AUTH	 rax0: Authenticated User - 02:cb:07:27:49:e0
2026/07/21 14:01:09       AUTH	 rax0: Authenticated User - 02:b1:22:68:d5:a0
2026/07/21 14:02:09      DHCPC	 DHCPRELEASE on br0 to 192.168.0.1 port 67
2026/07/21 14:02:09      DHCPC	 adapter index 2
2026/07/21 14:02:10      DHCPC	 adapter index 12
2026/07/21 14:02:10      DHCPC	 DHCPDISCOVER on br0 to 255.255.255.255 port 67 interval 4
2026/07/21 14:02:10      DHCPC	 adapter index 12
2026/07/21 14:02:11      DHCPC	 DHCPOFFER from br0:192.168.0.1
2026/07/21 14:02:11      DHCPC	 DHCPREQUEST on br0 to 255.255.255.255 port 67
2026/07/21 14:02:11      DHCPC	 adapter index 12
2026/07/21 14:02:11      DHCPC	 DHCPACK from 192.168.0.1
2026/07/21 14:02:14      DHCPC	 bound to 192.168.0.16 -- renewal in 86397 seconds.
2026/07/21 14:02:26        NTP	 start ntpclient
2026/07/21 14:02:26        NTP	 probe_count=5  hostname=ntp.jst.mfeed.ad.jp   cycle_time=3
2026/07/21 14:02:26        NTP	 ntp server address 210.173.160.27
2026/07/21 14:03:57        NTP	 SUCCESS: set time :  Tue Jul 21 14:03:57 2026
2026/07/21 14:03:57        NTP	 exit ntpclient
2026/07/21 14:04:03       AUTH	 rax0: Authenticated User - 02:47:6c:73:ce:9a
2026/07/21 14:04:11       AUTH	 rax0: Authenticated User - 02:07:8f:2b:73:65
2026/07/21 14:09:53       AUTH	 ra0: Authenticated User - 02:e1:23:4e:b7:54
2026/07/21 14:30:34       AUTH	 ra0: Authenticated User - 02:e1:23:4e:b7:54
2026/07/21 16:11:09       AUTH	 ra0: Authenticated User - 02:e1:23:4e:b7:54
2026/07/21 16:11:22       AUTH	 ra0: Authenticated User - 02:52:4c:1d:47:b3
2026/07/21 16:12:53       AUTH	 ra0: Authenticated User - 02:e1:23:4e:b7:54
2026/07/21 16:14:24       AUTH	 rax0: Authenticated User - 02:05:de:29:81:4f
2026/07/21 16:14:44       AUTH	 ra0: Authenticated User - 02:e1:23:4e:b7:54
2026/07/21 16:16:21       AUTH	 ra0: Authenticated User - 02:52:4c:1d:47:b3
2026/07/21 16:18:34       AUTH	 ra0: Authenticated User - 02:e1:23:4e:b7:54
2026/07/21 16:50:13       AUTH	 rax0: Authenticated User - 02:fe:4a:21:c6:97
2026/07/21 16:56:58       AUTH	 rax0: Authenticated User - 02:72:25:c2:63:14
2026/07/21 17:03:19       AUTH	 ra0: Authenticated User - 02:e1:23:4e:b7:54
2026/07/21 17:12:41       AUTH	 ra0: Authenticated User - 02:e1:23:4e:b7:54
2026/07/21 17:12:42       AUTH	 rax0: Authenticated User - 02:da:a4:c8:fd:78
2026/07/21 17:12:44       AUTH	 rax0: Authenticated User - 02:b1:22:68:d5:a0
2026/07/21 17:14:53       AUTH	 ra0: Authenticated User - 02:e1:23:4e:b7:54
2026/07/21 17:19:24       AUTH	 ra0: Authenticated User - 02:e1:23:4e:b7:54
2026/07/21 17:46:07       AUTH	 ra0: Authenticated User - 02:52:4c:1d:47:b3
2026/07/21 17:55:45       AUTH	 ra0: Authenticated User - 02:e1:23:4e:b7:54
2026/07/21 18:00:32       AUTH	 ra0: Authenticated User - 02:e1:23:4e:b7:54
2026/07/21 18:00:57       AUTH	 ra0: Authenticated User - 02:e1:23:4e:b7:54
2026/07/22 03:42:43       AUTH	 ra0: Authenticated User - 02:97:68:ff:50:7e
2026/07/22 10:48:08       AUTH	 ra0: Authenticated User - 02:e1:23:4e:b7:54
2026/07/22 10:48:38       AUTH	 ra0: Authenticated User - 02:e1:23:4e:b7:54
2026/07/22 11:41:07       AUTH	 ra0: Authenticated User - 02:e1:23:4e:b7:54
2026/07/22 11:52:26       AUTH	 rax0: Authenticated User - 02:72:25:c2:63:14
2026/07/22 11:57:13       AUTH	 ra0: Authenticated User - 02:e1:23:4e:b7:54
2026/07/22 12:42:54       AUTH	 ra0: Authenticated User - 02:e1:23:4e:b7:54
2026/07/22 13:21:52       AUTH	 ra0: Authenticated User - 02:02:72:d1:cb:b3
2026/07/22 13:26:39       AUTH	 ra0: Authenticated User - 02:e1:23:4e:b7:54
2026/07/22 13:42:38       AUTH	 ra0: Authenticated User - 02:02:72:d1:cb:b3
2026/07/22 14:02:44       AUTH	 ra0: Authenticated User - 02:e1:23:4e:b7:54
2026/07/22 14:03:41      DHCPC	 DHCPREQUEST on br0 to 192.168.0.1 port 67
2026/07/22 14:03:41      DHCPC	 adapter index 12
2026/07/22 14:03:41      DHCPC	 adapter index 12
2026/07/22 14:03:41      DHCPC	 DHCPACK from 192.168.0.1
2026/07/22 14:03:44      DHCPC	 bound to 192.168.0.16 -- renewal in 86398 seconds.
2026/07/22 14:03:57        NTP	 start ntpclient
2026/07/22 14:03:57        NTP	 probe_count=5  hostname=ntp.jst.mfeed.ad.jp   cycle_time=3
2026/07/22 14:03:57        NTP	 ntp server address 210.173.160.27
2026/07/22 14:05:30        NTP	 SUCCESS: set time :  Wed Jul 22 14:05:30 2026
2026/07/22 14:05:30        NTP	 exit ntpclient
2026/07/22 15:08:29       AUTH	 ra0: Authenticated User - 02:e1:23:4e:b7:54
2026/07/22 17:40:02       AUTH	 ra0: Authenticated User - 02:02:72:d1:cb:b3
2026/07/23 03:42:43       AUTH	 ra0: Authenticated User - 02:97:68:ff:50:7e
2026/07/23 09:06:42       AUTH	 ra0: Authenticated User - 02:56:e7:08:0a:9b
2026/07/23 09:06:43       AUTH	 ra0: Authenticated User - 02:e1:23:4e:b7:54
2026/07/23 09:06:53       AUTH	 ra0: Authenticated User - 02:97:68:ff:50:7e
2026/07/23 09:07:00       AUTH	 ra0: Authenticated User - 02:a0:04:17:18:6e
2026/07/23 09:24:09       AUTH	 ra0: Authenticated User - 02:e1:23:4e:b7:54
2026/07/23 09:24:57       AUTH	 rax0: Authenticated User - 02:eb:cf:05:89:ab
2026/07/23 09:25:00       AUTH	 rax0: Authenticated User - 02:e0:36:5b:15:06
2026/07/23 09:26:00       AUTH	 rax0: Authenticated User - 02:86:a2:2f:b4:82
2026/07/23 09:48:57       AUTH	 ra0: Authenticated User - 02:e1:23:4e:b7:54
2026/07/23 09:49:15       AUTH	 rax0: Authenticated User - 02:e0:36:5b:15:06
2026/07/23 09:50:02       AUTH	 ra0: Authenticated User - 02:e1:23:4e:b7:54
2026/07/23 09:52:04       AUTH	 ra0: Authenticated User - 02:e1:23:4e:b7:54
2026/07/23 09:52:45       AUTH	 rax0: Authenticated User - 02:eb:cf:05:89:ab
2026/07/23 09:52:48       AUTH	 rax0: Authenticated User - 02:e0:36:5b:15:06
2026/07/23 10:07:59       AUTH	 ra0: Authenticated User - 02:e1:23:4e:b7:54
2026/07/23 10:29:22       AUTH	 ra0: Authenticated User - 02:e1:23:4e:b7:54
2026/07/23 10:39:00       AUTH	 ra0: Authenticated User - 02:e1:23:4e:b7:54
2026/07/23 10:42:15       AUTH	 ra0: Authenticated User - 02:e1:23:4e:b7:54
2026/07/23 10:46:27       AUTH	 ra0: Authenticated User - 02:e1:23:4e:b7:54
2026/07/23 10:51:49       AUTH	 rax0: Authenticated User - 02:eb:cf:05:89:ab
2026/07/23 10:53:22       AUTH	 ra0: Authenticated User - 02:e1:23:4e:b7:54
2026/07/23 10:55:44       AUTH	 ra0: Authenticated User - 02:e1:23:4e:b7:54
2026/07/23 11:13:42       AUTH	 ra0: Authenticated User - 02:e1:23:4e:b7:54
2026/07/23 11:26:57       AUTH	 rax0: Authenticated User - 02:e0:36:5b:15:06
2026/07/23 11:27:09       AUTH	 rax0: Authenticated User - 02:eb:cf:05:89:ab
2026/07/23 12:06:17       AUTH	 ra0: Authenticated User - 02:e1:23:4e:b7:54
2026/07/23 12:10:13       AUTH	 ra0: Authenticated User - 02:e1:23:4e:b7:54
2026/07/23 12:11:51       AUTH	 ra0: Authenticated User - 02:e1:23:4e:b7:54
2026/07/23 12:12:46       AUTH	 ra0: Authenticated User - 02:e1:23:4e:b7:54
2026/07/23 12:16:24       AUTH	 ra0: Authenticated User - 02:e1:23:4e:b7:54
2026/07/23 12:17:15       AUTH	 ra0: Authenticated User - 02:e1:23:4e:b7:54
2026/07/23 12:17:48       AUTH	 ra0: Authenticated User - 02:e1:23:4e:b7:54
2026/07/23 12:18:21       AUTH	 ra0: Authenticated User - 02:e1:23:4e:b7:54
2026/07/23 12:18:42       AUTH	 ra0: Authenticated User - 02:e1:23:4e:b7:54
2026/07/23 12:21:54       AUTH	 ra0: Authenticated User - 02:e1:23:4e:b7:54
2026/07/23 12:22:50       AUTH	 ra0: Authenticated User - 02:e1:23:4e:b7:54
2026/07/23 12:30:54       AUTH	 ra0: Authenticated User - 02:e1:23:4e:b7:54
2026/07/23 12:34:52       AUTH	 ra0: Authenticated User - 02:e1:23:4e:b7:54
2026/07/23 13:09:16       AUTH	 ra0: Authenticated User - 02:e1:23:4e:b7:54
2026/07/23 13:10:09       AUTH	 ra0: Authenticated User - 02:e1:23:4e:b7:54
2026/07/23 13:15:32       AUTH	 ra0: Authenticated User - 02:e1:23:4e:b7:54
2026/07/23 13:18:59       AUTH	 ra0: Authenticated User - 02:e1:23:4e:b7:54
2026/07/23 13:27:03       AUTH	 ra0: Authenticated User - 02:e1:23:4e:b7:54
2026/07/23 13:27:55       AUTH	 ra0: Authenticated User - 02:e1:23:4e:b7:54
2026/07/23 13:28:35       AUTH	 ra0: Authenticated User - 02:e1:23:4e:b7:54
2026/07/23 14:05:14      DHCPC	 DHCPREQUEST on br0 to 192.168.0.1 port 67
2026/07/23 14:05:14      DHCPC	 adapter index 12
2026/07/23 14:05:14      DHCPC	 adapter index 12
2026/07/23 14:05:14      DHCPC	 DHCPACK from 192.168.0.1
2026/07/23 14:05:17      DHCPC	 bound to 192.168.0.16 -- renewal in 86398 seconds.
2026/07/23 14:05:30        NTP	 start ntpclient
2026/07/23 14:05:30        NTP	 probe_count=5  hostname=ntp.jst.mfeed.ad.jp   cycle_time=3
2026/07/23 14:05:30        NTP	 ntp server address 210.173.160.57
2026/07/23 14:07:03        NTP	 SUCCESS: set time :  Thu Jul 23 14:07:03 2026
2026/07/23 14:07:03        NTP	 exit ntpclient
2026/07/23 14:27:28       AUTH	 ra0: Authenticated User - 02:e1:23:4e:b7:54
2026/07/23 14:28:48       AUTH	 ra0: Authenticated User - 02:e1:23:4e:b7:54
2026/07/23 14:57:51       AUTH	 ra0: Authenticated User - 02:e1:23:4e:b7:54
2026/07/23 15:04:21       AUTH	 ra0: Authenticated User - 02:e1:23:4e:b7:54
2026/07/23 15:11:04       AUTH	 ra0: Authenticated User - 02:e1:23:4e:b7:54
2026/07/23 15:38:46       AUTH	 ra0: Authenticated User - 02:e1:23:4e:b7:54
2026/07/23 15:39:11       AUTH	 ra0: Authenticated User - 02:e1:23:4e:b7:54
2026/07/23 15:40:31       AUTH	 ra0: Authenticated User - 02:e1:23:4e:b7:54
2026/07/23 16:48:18       AUTH	 ra0: Authenticated User - 02:e1:23:4e:b7:54
2026/07/23 17:08:45       AUTH	 ra0: Authenticated User - 02:e1:23:4e:b7:54
2026/07/23 17:13:38       AUTH	 ra0: Authenticated User - 02:e1:23:4e:b7:54
2026/07/23 18:19:09       AUTH	 ra0: Authenticated User - 02:e1:23:4e:b7:54
2026/07/23 18:41:26       AUTH	 rax0: Authenticated User - 02:72:25:c2:63:14
2026/07/23 18:41:47       AUTH	 rax0: Authenticated User - 02:54:21:01:ad:04
2026/07/23 18:43:07       AUTH	 ra0: Authenticated User - 02:e1:23:4e:b7:54
2026/07/23 18:43:19       AUTH	 ra0: Authenticated User - 02:e1:23:4e:b7:54
2026/07/23 18:47:37       AUTH	 ra0: Authenticated User - 02:e1:23:4e:b7:54
2026/07/23 20:19:08       AUTH	 ra0: Authenticated User - 02:e1:23:4e:b7:54
2026/07/23 20:26:36       AUTH	 ra0: Authenticated User - 02:e1:23:4e:b7:54
2026/07/23 20:35:20       AUTH	 ra0: Authenticated User - 02:e1:23:4e:b7:54
2026/07/23 21:15:43       AUTH	 ra0: Authenticated User - 02:e1:23:4e:b7:54
2026/07/23 21:16:04       AUTH	 ra0: Authenticated User - 02:e1:23:4e:b7:54
2026/07/23 23:02:27       AUTH	 ra0: Authenticated User - 02:e1:23:4e:b7:54
2026/07/23 23:06:22       AUTH	 ra0: Authenticated User - 02:e1:23:4e:b7:54
2026/07/23 23:06:48       AUTH	 ra0: Authenticated User - 02:e1:23:4e:b7:54
2026/07/23 23:42:13       AUTH	 ra0: Authenticated User - 02:e1:23:4e:b7:54
2026/07/24 00:00:14       AUTH	 ra0: Authenticated User - 02:e1:23:4e:b7:54
2026/07/24 00:04:45       AUTH	 ra0: Authenticated User - 02:e1:23:4e:b7:54
2026/07/24 00:16:43       AUTH	 ra0: Authenticated User - 02:e1:23:4e:b7:54
2026/07/24 00:38:18       AUTH	 ra0: Authenticated User - 02:e1:23:4e:b7:54
2026/07/24 00:38:42       AUTH	 ra0: Authenticated User - 02:e1:23:4e:b7:54
2026/07/24 00:41:17       AUTH	 ra0: Authenticated User - 02:e1:23:4e:b7:54
2026/07/24 00:44:42       AUTH	 ra0: Authenticated User - 02:e1:23:4e:b7:54
2026/07/24 00:49:16       AUTH	 ra0: Authenticated User - 02:e1:23:4e:b7:54
2026/07/24 00:53:14       AUTH	 ra0: Authenticated User - 02:e1:23:4e:b7:54
2026/07/24 01:09:08       AUTH	 ra0: Authenticated User - 02:e1:23:4e:b7:54
2026/07/24 01:47:26       AUTH	 ra0: Authenticated User - 02:e1:23:4e:b7:54
2026/07/24 02:51:18       AUTH	 ra0: Authenticated User - 02:e1:23:4e:b7:54
2026/07/24 02:52:02       AUTH	 ra0: Authenticated User - 02:e1:23:4e:b7:54
2026/07/24 03:42:44       AUTH	 ra0: Authenticated User - 02:97:68:ff:50:7e
2026/07/24 03:56:09       AUTH	 ra0: Authenticated User - 02:e1:23:4e:b7:54
2026/07/24 03:56:59       AUTH	 ra0: Authenticated User - 02:e1:23:4e:b7:54
2026/07/24 04:08:29       AUTH	 ra0: Authenticated User - 02:e1:23:4e:b7:54
2026/07/24 04:10:03       AUTH	 ra0: Authenticated User - 02:e1:23:4e:b7:54
2026/07/24 04:58:44       AUTH	 ra0: Authenticated User - 02:e1:23:4e:b7:54
2026/07/24 05:34:28       AUTH	 ra0: Authenticated User - 02:e1:23:4e:b7:54
2026/07/24 05:37:04       AUTH	 ra0: Authenticated User - 02:e1:23:4e:b7:54
2026/07/24 06:09:51       AUTH	 ra0: Authenticated User - 02:e1:23:4e:b7:54
2026/07/24 06:17:55       AUTH	 ra0: Authenticated User - 02:e1:23:4e:b7:54
2026/07/24 07:17:13       AUTH	 ra0: Authenticated User - 02:e1:23:4e:b7:54
2026/07/24 08:10:32       AUTH	 ra0: Authenticated User - 02:e1:23:4e:b7:54
2026/07/24 08:33:43       AUTH	 ra0: Authenticated User - 02:e1:23:4e:b7:54
2026/07/24 09:03:50       AUTH	 ra0: Authenticated User - 02:e1:23:4e:b7:54
2026/07/24 09:09:26       AUTH	 ra0: Authenticated User - 02:e1:23:4e:b7:54
2026/07/24 09:36:51       AUTH	 ra0: Authenticated User - 02:e1:23:4e:b7:54
2026/07/24 09:48:35       AUTH	 ra0: Authenticated User - 02:e1:23:4e:b7:54
2026/07/24 09:54:35       AUTH	 ra0: Authenticated User - 02:e1:23:4e:b7:54
2026/07/24 09:57:33       AUTH	 ra0: Authenticated User - 02:e1:23:4e:b7:54
2026/07/24 10:11:48       AUTH	 ra0: Authenticated User - 02:e1:23:4e:b7:54
2026/07/24 10:46:48       AUTH	 rax0: Authenticated User - 02:e0:36:5b:15:06
2026/07/24 10:46:50       AUTH	 rax0: Authenticated User - 02:eb:cf:05:89:ab
2026/07/24 10:47:30       AUTH	 rax0: Authenticated User - 02:94:e7:7d:e7:93
2026/07/24 10:48:38       AUTH	 rax0: Authenticated User - 02:86:a2:2f:b4:82
2026/07/24 10:52:59       AUTH	 ra0: Authenticated User - 02:e1:23:4e:b7:54
2026/07/24 11:02:59       AUTH	 ra0: Authenticated User - 02:e1:23:4e:b7:54
2026/07/24 11:10:03       AUTH	 ra0: Authenticated User - 02:e1:23:4e:b7:54
2026/07/24 11:10:50       AUTH	 ra0: Authenticated User - 02:e1:23:4e:b7:54
2026/07/24 11:11:38       AUTH	 ra0: Authenticated User - 02:e1:23:4e:b7:54
2026/07/24 11:23:48       AUTH	 ra0: Authenticated User - 02:e1:23:4e:b7:54
2026/07/24 11:29:01       AUTH	 rax0: Authenticated User - 02:e0:36:5b:15:06
2026/07/24 11:29:03       AUTH	 rax0: Authenticated User - 02:eb:cf:05:89:ab
2026/07/24 11:37:44       AUTH	 ra0: Authenticated User - 02:e1:23:4e:b7:54
2026/07/24 11:40:46       AUTH	 ra0: Authenticated User - 02:e1:23:4e:b7:54
2026/07/24 11:58:53       AUTH	 ra0: Authenticated User - 02:e1:23:4e:b7:54
2026/07/24 12:00:28       AUTH	 ra0: Authenticated User - 02:e1:23:4e:b7:54
2026/07/24 12:00:44       AUTH	 ra0: Authenticated User - 02:e1:23:4e:b7:54
2026/07/24 12:04:00       AUTH	 ra0: Authenticated User - 02:e1:23:4e:b7:54
2026/07/24 12:04:36       AUTH	 ra0: Authenticated User - 02:e1:23:4e:b7:54
2026/07/24 12:05:21       AUTH	 ra0: Authenticated User - 02:e1:23:4e:b7:54
2026/07/24 12:05:32       AUTH	 ra0: Authenticated User - 02:e1:23:4e:b7:54
2026/07/24 12:05:43       AUTH	 ra0: Authenticated User - 02:e1:23:4e:b7:54
2026/07/24 12:06:32       AUTH	 ra0: Authenticated User - 02:e1:23:4e:b7:54
2026/07/24 12:08:57       AUTH	 ra0: Authenticated User - 02:e1:23:4e:b7:54
2026/07/24 12:11:08       AUTH	 ra0: Authenticated User - 02:e1:23:4e:b7:54
2026/07/24 12:11:23       AUTH	 ra0: Authenticated User - 02:e1:23:4e:b7:54
2026/07/24 12:15:28       AUTH	 ra0: Authenticated User - 02:e1:23:4e:b7:54
2026/07/24 12:25:24       AUTH	 ra0: Authenticated User - 02:e1:23:4e:b7:54
2026/07/24 12:26:03       AUTH	 ra0: Authenticated User - 02:e1:23:4e:b7:54
2026/07/24 12:28:32       AUTH	 ra0: Authenticated User - 02:e1:23:4e:b7:54
2026/07/24 12:35:47       AUTH	 ra0: Authenticated User - 02:e1:23:4e:b7:54
2026/07/24 12:36:25       AUTH	 ra0: Authenticated User - 02:e1:23:4e:b7:54
2026/07/24 12:39:03       AUTH	 ra0: Authenticated User - 02:e1:23:4e:b7:54
2026/07/24 12:39:05       AUTH	 rax0: Authenticated User - 02:e0:36:5b:15:06
2026/07/24 12:39:15       AUTH	 rax0: Authenticated User - 02:eb:cf:05:89:ab
2026/07/24 12:43:33       AUTH	 ra0: Authenticated User - 02:e1:23:4e:b7:54
2026/07/24 12:45:31       AUTH	 ra0: Authenticated User - 02:e1:23:4e:b7:54
2026/07/24 12:47:15       AUTH	 ra0: Authenticated User - 02:e1:23:4e:b7:54
2026/07/24 12:47:24       AUTH	 ra0: Authenticated User - 02:e1:23:4e:b7:54
2026/07/24 12:48:08       AUTH	 ra0: Authenticated User - 02:e1:23:4e:b7:54
2026/07/24 12:49:43       AUTH	 ra0: Authenticated User - 02:e1:23:4e:b7:54
2026/07/24 12:51:32       AUTH	 ra0: Authenticated User - 02:e1:23:4e:b7:54
2026/07/24 12:57:21       AUTH	 ra0: Authenticated User - 02:e1:23:4e:b7:54
2026/07/24 13:20:56       AUTH	 ra0: Authenticated User - 02:e1:23:4e:b7:54
2026/07/24 13:43:51       AUTH	 ra0: Authenticated User - 02:e1:23:4e:b7:54
2026/07/24 13:45:48       AUTH	 ra0: Authenticated User - 02:e1:23:4e:b7:54
2026/07/24 13:49:21       AUTH	 ra0: Authenticated User - 02:e1:23:4e:b7:54
2026/07/24 13:50:54       AUTH	 ra0: Authenticated User - 02:e1:23:4e:b7:54
2026/07/24 13:53:46       AUTH	 ra0: Authenticated User - 02:e1:23:4e:b7:54
2026/07/24 13:54:55       AUTH	 ra0: Authenticated User - 02:e1:23:4e:b7:54
2026/07/24 13:57:40       AUTH	 ra0: Authenticated User - 02:e1:23:4e:b7:54
2026/07/24 13:58:26       AUTH	 rax0: Authenticated User - 02:54:21:01:ad:04
2026/07/24 13:58:28       AUTH	 rax0: Authenticated User - 02:72:25:c2:63:14
2026/07/24 14:00:59       AUTH	 ra0: Authenticated User - 02:e1:23:4e:b7:54
2026/07/24 14:01:01       AUTH	 ra0: Authenticated User - 02:e1:23:4e:b7:54
2026/07/24 14:06:47      DHCPC	 DHCPREQUEST on br0 to 192.168.0.1 port 67
2026/07/24 14:06:47      DHCPC	 adapter index 12
2026/07/24 14:06:47      DHCPC	 adapter index 12
2026/07/24 14:06:47      DHCPC	 DHCPACK from 192.168.0.1
2026/07/24 14:06:50      DHCPC	 bound to 192.168.0.16 -- renewal in 86398 seconds.
2026/07/24 14:07:03        NTP	 start ntpclient
2026/07/24 14:07:03        NTP	 probe_count=5  hostname=ntp.jst.mfeed.ad.jp   cycle_time=3
2026/07/24 14:07:03        NTP	 ntp server address 210.173.160.87
2026/07/24 14:08:36        NTP	 SUCCESS: set time :  Fri Jul 24 14:08:36 2026
2026/07/24 14:08:36        NTP	 exit ntpclient
2026/07/24 14:14:16       AUTH	 ra0: Authenticated User - 02:e1:23:4e:b7:54
2026/07/24 14:34:16       AUTH	 ra0: Authenticated User - 02:e1:23:4e:b7:54
2026/07/24 15:11:13       AUTH	 ra0: Authenticated User - 02:e1:23:4e:b7:54
2026/07/24 15:31:43       AUTH	 ra0: Authenticated User - 02:e1:23:4e:b7:54
2026/07/24 15:57:54       AUTH	 ra0: Authenticated User - 02:e1:23:4e:b7:54
2026/07/24 16:02:11       AUTH	 rax0: Authenticated User - 02:72:25:c2:63:14
2026/07/24 16:19:46       AUTH	 ra0: Authenticated User - 02:e1:23:4e:b7:54
2026/07/24 16:26:06       AUTH	 ra0: Authenticated User - 02:e1:23:4e:b7:54
2026/07/24 16:36:03       AUTH	 ra0: Authenticated User - 02:e1:23:4e:b7:54
2026/07/24 16:36:44       AUTH	 ra0: Authenticated User - 02:e1:23:4e:b7:54
2026/07/24 16:37:52       AUTH	 ra0: Authenticated User - 02:e1:23:4e:b7:54
2026/07/24 16:38:27       AUTH	 ra0: Authenticated User - 02:e1:23:4e:b7:54
2026/07/24 16:39:32       AUTH	 rax0: Authenticated User - 02:54:21:01:ad:04
2026/07/24 16:40:03       AUTH	 ra0: Authenticated User - 02:e1:23:4e:b7:54
2026/07/24 16:40:24       AUTH	 ra0: Authenticated User - 02:e1:23:4e:b7:54
2026/07/24 16:41:03       AUTH	 ra0: Authenticated User - 02:e1:23:4e:b7:54
2026/07/24 16:42:42       AUTH	 ra0: Authenticated User - 02:e1:23:4e:b7:54
2026/07/24 16:43:05       AUTH	 ra0: Authenticated User - 02:e1:23:4e:b7:54
2026/07/24 16:43:30       AUTH	 ra0: Authenticated User - 02:e1:23:4e:b7:54
2026/07/24 16:44:09       AUTH	 ra0: Authenticated User - 02:e1:23:4e:b7:54
2026/07/24 16:45:05       AUTH	 ra0: Authenticated User - 02:e1:23:4e:b7:54
2026/07/24 16:49:10       AUTH	 ra0: Authenticated User - 02:e1:23:4e:b7:54
2026/07/24 16:50:23       AUTH	 ra0: Authenticated User - 02:e1:23:4e:b7:54
2026/07/24 17:11:21       AUTH	 ra0: Authenticated User - 02:e1:23:4e:b7:54
2026/07/24 17:17:46       AUTH	 ra0: Authenticated User - 02:e1:23:4e:b7:54
2026/07/24 17:20:35       AUTH	 ra0: Authenticated User - 02:e1:23:4e:b7:54
2026/07/24 17:26:36       AUTH	 ra0: Authenticated User - 02:e1:23:4e:b7:54
2026/07/24 17:54:18       AUTH	 ra0: Authenticated User - 02:e1:23:4e:b7:54
2026/07/24 17:54:28       AUTH	 rax0: Authenticated User - 02:72:25:c2:63:14
2026/07/24 17:54:32       AUTH	 rax0: Authenticated User - 02:54:21:01:ad:04
2026/07/24 18:04:13       AUTH	 ra0: Authenticated User - 02:e1:23:4e:b7:54
2026/07/24 18:04:39       AUTH	 ra0: Authenticated User - 02:e1:23:4e:b7:54
2026/07/24 18:06:10       AUTH	 ra0: Authenticated User - 02:e1:23:4e:b7:54
2026/07/24 18:06:51       AUTH	 ra0: Authenticated User - 02:e1:23:4e:b7:54
2026/07/24 18:07:31       AUTH	 ra0: Authenticated User - 02:e1:23:4e:b7:54
2026/07/24 18:07:56       AUTH	 ra0: Authenticated User - 02:e1:23:4e:b7:54
2026/07/24 18:11:42       AUTH	 ra0: Authenticated User - 02:e1:23:4e:b7:54
2026/07/24 18:13:15       AUTH	 ra0: Authenticated User - 02:e1:23:4e:b7:54
2026/07/24 18:13:37       AUTH	 ra0: Authenticated User - 02:e1:23:4e:b7:54
2026/07/24 18:14:17       AUTH	 ra0: Authenticated User - 02:e1:23:4e:b7:54
2026/07/24 18:15:40       AUTH	 ra0: Authenticated User - 02:e1:23:4e:b7:54
2026/07/24 18:16:49       AUTH	 ra0: Authenticated User - 02:e1:23:4e:b7:54
2026/07/24 18:17:28       AUTH	 ra0: Authenticated User - 02:e1:23:4e:b7:54
2026/07/24 18:17:45       AUTH	 ra0: Authenticated User - 02:e1:23:4e:b7:54
2026/07/24 18:18:33       AUTH	 ra0: Authenticated User - 02:e1:23:4e:b7:54
2026/07/24 18:19:22       AUTH	 ra0: Authenticated User - 02:e1:23:4e:b7:54
2026/07/24 18:21:07       AUTH	 ra0: Authenticated User - 02:e1:23:4e:b7:54
2026/07/24 18:21:26       AUTH	 ra0: Authenticated User - 02:e1:23:4e:b7:54
2026/07/24 18:21:46       AUTH	 ra0: Authenticated User - 02:e1:23:4e:b7:54
2026/07/24 18:22:59       AUTH	 ra0: Authenticated User - 02:e1:23:4e:b7:54
2026/07/24 18:23:53       AUTH	 ra0: Authenticated User - 02:e1:23:4e:b7:54
2026/07/24 18:34:06       AUTH	 ra0: Authenticated User - 02:e1:23:4e:b7:54
2026/07/24 18:36:02       AUTH	 ra0: Authenticated User - 02:e1:23:4e:b7:54
2026/07/24 18:36:20       AUTH	 ra0: Authenticated User - 02:e1:23:4e:b7:54
2026/07/24 18:40:05       AUTH	 ra0: Authenticated User - 02:e1:23:4e:b7:54
2026/07/24 18:40:28       AUTH	 ra0: Authenticated User - 02:e1:23:4e:b7:54
2026/07/24 18:42:57       AUTH	 ra0: Authenticated User - 02:e1:23:4e:b7:54
2026/07/24 18:46:12       AUTH	 ra0: Authenticated User - 02:e1:23:4e:b7:54
2026/07/24 18:52:02       AUTH	 ra0: Authenticated User - 02:e1:23:4e:b7:54
2026/07/24 19:02:51       AUTH	 ra0: Authenticated User - 02:e1:23:4e:b7:54
2026/07/24 19:03:10       AUTH	 rax0: Authenticated User - 02:05:de:29:81:4f
2026/07/24 19:13:02       AUTH	 ra0: Authenticated User - 02:e1:23:4e:b7:54
2026/07/24 19:28:12       AUTH	 ra0: Authenticated User - 02:e1:23:4e:b7:54
2026/07/24 19:28:32       AUTH	 ra0: Authenticated User - 02:e1:23:4e:b7:54
2026/07/24 19:44:03       AUTH	 ra0: Authenticated User - 02:e1:23:4e:b7:54
2026/07/24 19:51:59       AUTH	 ra0: Authenticated User - 02:e1:23:4e:b7:54
2026/07/24 19:55:58       AUTH	 ra0: Authenticated User - 02:e1:23:4e:b7:54
2026/07/24 19:56:16       AUTH	 ra0: Authenticated User - 02:e1:23:4e:b7:54
2026/07/24 20:05:05       AUTH	 ra0: Authenticated User - 02:e1:23:4e:b7:54
2026/07/24 20:08:11       AUTH	 ra0: Authenticated User - 02:e1:23:4e:b7:54
2026/07/24 20:09:01       AUTH	 ra0: Authenticated User - 02:e1:23:4e:b7:54
2026/07/24 20:10:06       AUTH	 ra0: Authenticated User - 02:e1:23:4e:b7:54
2026/07/24 20:14:05       AUTH	 ra0: Authenticated User - 02:e1:23:4e:b7:54
2026/07/24 20:15:36       AUTH	 ra0: Authenticated User - 02:e1:23:4e:b7:54
2026/07/24 20:15:55       AUTH	 ra0: Authenticated User - 02:e1:23:4e:b7:54
2026/07/24 20:20:07       AUTH	 ra0: Authenticated User - 02:e1:23:4e:b7:54
2026/07/24 20:22:00       AUTH	 ra0: Authenticated User - 02:e1:23:4e:b7:54
2026/07/24 20:28:16       AUTH	 ra0: Authenticated User - 02:e1:23:4e:b7:54
2026/07/24 20:29:06       AUTH	 ra0: Authenticated User - 02:e1:23:4e:b7:54
2026/07/24 20:31:47       AUTH	 ra0: Authenticated User - 02:e1:23:4e:b7:54
2026/07/24 20:35:49       AUTH	 ra0: Authenticated User - 02:e1:23:4e:b7:54
2026/07/24 20:41:24       AUTH	 ra0: Authenticated User - 02:e1:23:4e:b7:54
2026/07/24 20:42:08       AUTH	 ra0: Authenticated User - 02:e1:23:4e:b7:54
2026/07/24 20:43:35       AUTH	 ra0: Authenticated User - 02:e1:23:4e:b7:54
2026/07/24 20:46:05       AUTH	 ra0: Authenticated User - 02:e1:23:4e:b7:54
2026/07/24 20:47:24       AUTH	 ra0: Authenticated User - 02:e1:23:4e:b7:54
2026/07/24 20:49:28       AUTH	 ra0: Authenticated User - 02:e1:23:4e:b7:54
2026/07/24 20:50:55       AUTH	 ra0: Authenticated User - 02:e1:23:4e:b7:54
2026/07/24 20:53:09       AUTH	 ra0: Authenticated User - 02:e1:23:4e:b7:54
2026/07/24 20:57:18       AUTH	 ra0: Authenticated User - 02:e1:23:4e:b7:54
2026/07/25 03:42:43       AUTH	 ra0: Authenticated User - 02:97:68:ff:50:7e
2026/07/25 14:08:20      DHCPC	 DHCPREQUEST on br0 to 192.168.0.1 port 67
2026/07/25 14:08:20      DHCPC	 adapter index 12
2026/07/25 14:08:20      DHCPC	 adapter index 12
2026/07/25 14:08:20      DHCPC	 DHCPACK from 192.168.0.1
2026/07/25 14:08:23      DHCPC	 bound to 192.168.0.16 -- renewal in 86398 seconds.
2026/07/25 14:08:36        NTP	 start ntpclient
2026/07/25 14:08:36        NTP	 probe_count=5  hostname=ntp.jst.mfeed.ad.jp   cycle_time=3
2026/07/25 14:08:36        NTP	 ntp server address 210.173.160.87
2026/07/25 14:10:09        NTP	 SUCCESS: set time :  Sat Jul 25 14:10:09 2026
2026/07/25 14:10:09        NTP	 exit ntpclient
2026/07/26 03:42:43       AUTH	 ra0: Authenticated User - 02:97:68:ff:50:7e
2026/07/26 14:09:53      DHCPC	 DHCPREQUEST on br0 to 192.168.0.1 port 67
2026/07/26 14:09:53      DHCPC	 adapter index 12
2026/07/26 14:09:53      DHCPC	 adapter index 12
2026/07/26 14:09:53      DHCPC	 DHCPACK from 192.168.0.1
2026/07/26 14:09:56      DHCPC	 bound to 192.168.0.16 -- renewal in 86398 seconds.
2026/07/26 14:10:09        NTP	 start ntpclient
2026/07/26 14:10:09        NTP	 probe_count=5  hostname=ntp.jst.mfeed.ad.jp   cycle_time=3
2026/07/26 14:10:09        NTP	 ntp server address 210.173.160.87
2026/07/26 14:11:42        NTP	 SUCCESS: set time :  Sun Jul 26 14:11:42 2026
2026/07/26 14:11:42        NTP	 exit ntpclient
2026/07/27 03:42:43       AUTH	 ra0: Authenticated User - 02:97:68:ff:50:7e
2026/07/27 14:11:26      DHCPC	 DHCPREQUEST on br0 to 192.168.0.1 port 67
2026/07/27 14:11:26      DHCPC	 adapter index 12
2026/07/27 14:11:26      DHCPC	 adapter index 12
2026/07/27 14:11:26      DHCPC	 DHCPACK from 192.168.0.1
2026/07/27 14:11:29      DHCPC	 bound to 192.168.0.16 -- renewal in 86397 seconds.
2026/07/27 14:11:42        NTP	 start ntpclient
2026/07/27 14:11:42        NTP	 probe_count=5  hostname=ntp.jst.mfeed.ad.jp   cycle_time=3
2026/07/27 14:11:42        NTP	 ntp server address 210.173.160.27
2026/07/27 14:13:15        NTP	 SUCCESS: set time :  Mon Jul 27 14:13:15 2026
2026/07/27 14:13:15        NTP	 exit ntpclient
2026/07/27 23:20:28       AUTH	 ra0: Authenticated User - 02:90:02:43:d4:79
2026/07/27 23:20:37       AUTH	 ra0: Authenticated User - 02:97:68:ff:50:7e
2026/07/27 23:20:44       AUTH	 ra0: Authenticated User - 02:a0:04:17:18:6e
2026/07/28 03:42:45       AUTH	 ra0: Authenticated User - 02:97:68:ff:50:7e
2026/07/28 10:56:20       AUTH	 rax0: Authenticated User - 02:2d:96:a5:7e:7b
2026/07/28 10:56:22       AUTH	 rax0: Authenticated User - 02:eb:cf:05:89:ab
2026/07/28 11:01:01       AUTH	 rax0: Authenticated User - 02:94:e7:7d:e7:93
2026/07/28 11:54:09       AUTH	 rax0: Authenticated User - 02:eb:cf:05:89:ab
2026/07/28 11:57:46       AUTH	 rax0: Authenticated User - 02:2d:96:a5:7e:7b
2026/07/28 12:17:38       AUTH	 rax0: Authenticated User - 02:eb:cf:05:89:ab
2026/07/28 12:19:10       AUTH	 rax0: Authenticated User - 02:2d:96:a5:7e:7b
2026/07/28 14:11:45       AUTH	 rax0: Authenticated User - 02:2d:96:a5:7e:7b
2026/07/28 14:12:59      DHCPC	 DHCPREQUEST on br0 to 192.168.0.1 port 67
2026/07/28 14:12:59      DHCPC	 adapter index 12
2026/07/28 14:12:59      DHCPC	 adapter index 12
2026/07/28 14:12:59      DHCPC	 DHCPACK from 192.168.0.1
2026/07/28 14:13:02      DHCPC	 bound to 192.168.0.16 -- renewal in 86398 seconds.
2026/07/28 14:13:15        NTP	 start ntpclient
2026/07/28 14:13:15        NTP	 probe_count=5  hostname=ntp.jst.mfeed.ad.jp   cycle_time=3
2026/07/28 14:13:15        NTP	 ntp server address 210.173.160.27
2026/07/28 14:14:48        NTP	 SUCCESS: set time :  Tue Jul 28 14:14:48 2026
2026/07/28 14:14:48        NTP	 exit ntpclient
2026/07/28 14:37:43       AUTH	 rax0: Authenticated User - 02:eb:cf:05:89:ab
2026/07/28 14:37:55       AUTH	 rax0: Authenticated User - 02:2d:96:a5:7e:7b
2026/07/28 14:51:36       AUTH	 rax0: Authenticated User - 02:eb:cf:05:89:ab
2026/07/28 15:02:38       AUTH	 rax0: Authenticated User - 02:2d:96:a5:7e:7b
2026/07/28 15:25:24       AUTH	 rax0: Authenticated User - 02:2d:96:a5:7e:7b
2026/07/28 16:02:57       AUTH	 rax0: Authenticated User - 02:eb:cf:05:89:ab
2026/07/28 16:04:49       AUTH	 rax0: Authenticated User - 02:eb:cf:05:89:ab
2026/07/29 03:42:44       AUTH	 ra0: Authenticated User - 02:97:68:ff:50:7e
2026/07/29 14:14:32      DHCPC	 DHCPREQUEST on br0 to 192.168.0.1 port 67
2026/07/29 14:14:32      DHCPC	 adapter index 12
2026/07/29 14:14:32      DHCPC	 adapter index 12
2026/07/29 14:14:32      DHCPC	 DHCPACK from 192.168.0.1
2026/07/29 14:14:35      DHCPC	 bound to 192.168.0.16 -- renewal in 86397 seconds.
2026/07/29 14:14:48        NTP	 start ntpclient
2026/07/29 14:14:48        NTP	 probe_count=5  hostname=ntp.jst.mfeed.ad.jp   cycle_time=3
2026/07/29 14:14:48        NTP	 ntp server address 210.173.160.57
2026/07/29 14:16:21        NTP	 SUCCESS: set time :  Wed Jul 29 14:16:21 2026
2026/07/29 14:16:21        NTP	 exit ntpclient
2026/07/30 03:42:43       AUTH	 ra0: Authenticated User - 02:97:68:ff:50:7e
2026/07/30 14:16:05      DHCPC	 DHCPREQUEST on br0 to 192.168.0.1 port 67
2026/07/30 14:16:05      DHCPC	 adapter index 12
2026/07/30 14:16:05      DHCPC	 adapter index 12
2026/07/30 14:16:05      DHCPC	 DHCPACK from 192.168.0.1
2026/07/30 14:16:08      DHCPC	 bound to 192.168.0.16 -- renewal in 86397 seconds.
2026/07/30 14:16:21        NTP	 start ntpclient
2026/07/30 14:16:21        NTP	 probe_count=5  hostname=ntp.jst.mfeed.ad.jp   cycle_time=3
2026/07/30 14:16:21        NTP	 ntp server address 210.173.160.27
2026/07/30 14:17:54        NTP	 SUCCESS: set time :  Thu Jul 30 14:17:54 2026
2026/07/30 14:17:54        NTP	 exit ntpclient
2026/07/31 03:42:44       AUTH	 ra0: Authenticated User - 02:97:68:ff:50:7e
2026/07/31 14:17:38      DHCPC	 DHCPREQUEST on br0 to 192.168.0.1 port 67
2026/07/31 14:17:38      DHCPC	 adapter index 12
2026/07/31 14:17:38      DHCPC	 adapter index 12
2026/07/31 14:17:38      DHCPC	 DHCPACK from 192.168.0.1
2026/07/31 14:17:41      DHCPC	 bound to 192.168.0.16 -- renewal in 86397 seconds.
2026/07/31 14:17:54        NTP	 start ntpclient
2026/07/31 14:17:54        NTP	 probe_count=5  hostname=ntp.jst.mfeed.ad.jp   cycle_time=3
2026/07/31 14:17:54        NTP	 ntp server address 210.173.160.57
2026/07/31 14:19:27        NTP	 SUCCESS: set time :  Fri Jul 31 14:19:27 2026
2026/07/31 14:19:27        NTP	 exit ntpclient
2026/08/01 03:42:44       AUTH	 ra0: Authenticated User - 02:97:68:ff:50:7e
2026/08/01 14:19:11      DHCPC	 DHCPREQUEST on br0 to 192.168.0.1 port 67
2026/08/01 14:19:11      DHCPC	 adapter index 12
2026/08/01 14:19:11      DHCPC	 adapter index 12
2026/08/01 14:19:11      DHCPC	 DHCPACK from 192.168.0.1
2026/08/01 14:19:14      DHCPC	 bound to 192.168.0.16 -- renewal in 86397 seconds.
2026/08/01 14:19:27        NTP	 start ntpclient
2026/08/01 14:19:27        NTP	 probe_count=5  hostname=ntp.jst.mfeed.ad.jp   cycle_time=3
2026/08/01 14:19:27        NTP	 ntp server address 210.173.160.27
2026/08/01 14:21:00        NTP	 SUCCESS: set time :  Sat Aug  1 14:21:00 2026
2026/08/01 14:21:00        NTP	 exit ntpclient
2026/08/02 03:42:44       AUTH	 ra0: Authenticated User - 02:97:68:ff:50:7e
2026/08/02 05:39:12       AUTH	 ra0: Authenticated User - 02:90:02:43:d4:79
2026/08/02 05:39:15       AUTH	 ra0: Authenticated User - 02:56:e7:08:0a:9b
2026/08/02 05:39:31       AUTH	 ra0: Authenticated User - 02:a0:04:17:18:6e
2026/08/02 14:20:44      DHCPC	 DHCPREQUEST on br0 to 192.168.0.1 port 67
2026/08/02 14:20:44      DHCPC	 adapter index 12
2026/08/02 14:20:44      DHCPC	 adapter index 12
2026/08/02 14:20:44      DHCPC	 DHCPACK from 192.168.0.1
2026/08/02 14:20:47      DHCPC	 bound to 192.168.0.16 -- renewal in 86398 seconds.
2026/08/02 14:21:00        NTP	 start ntpclient
2026/08/02 14:21:00        NTP	 probe_count=5  hostname=ntp.jst.mfeed.ad.jp   cycle_time=3
2026/08/02 14:21:00        NTP	 ntp server address 210.173.160.87
2026/08/02 14:22:33        NTP	 SUCCESS: set time :  Sun Aug  2 14:22:33 2026
2026/08/02 14:22:33        NTP	 exit ntpclient
2026/08/03 09:30:21       AUTH	 rax0: Authenticated User - 02:eb:cf:05:89:ab
2026/08/03 09:30:23       AUTH	 rax0: Authenticated User - 02:2d:96:a5:7e:7b
2026/08/03 09:42:50       AUTH	 rax0: Authenticated User - 02:eb:cf:05:89:ab
2026/08/03 09:42:51       AUTH	 rax0: Authenticated User - 02:2d:96:a5:7e:7b
2026/08/03 10:13:48       AUTH	 rax0: Authenticated User - 02:2d:96:a5:7e:7b
2026/08/03 10:42:37       AUTH	 rax0: Authenticated User - 02:94:e7:7d:e7:93
2026/08/03 10:44:47       AUTH	 rax0: Authenticated User - 02:b8:f7:79:dd:34
2026/08/03 10:44:49       AUTH	 rax0: Authenticated User - 02:88:2d:a4:6d:e3
2026/08/03 10:50:23       AUTH	 rax0: Authenticated User - 02:eb:cf:05:89:ab
2026/08/03 10:56:46       AUTH	 rax0: Authenticated User - 02:b8:f7:79:dd:34
2026/08/03 11:27:58       AUTH	 rax0: Authenticated User - 02:94:e7:7d:e7:93
2026/08/03 12:00:38       AUTH	 rax0: Authenticated User - 02:b8:f7:79:dd:34
2026/08/03 12:04:10       AUTH	 rax0: Authenticated User - 02:88:2d:a4:6d:e3
2026/08/03 12:04:38       AUTH	 rax0: Authenticated User - 02:88:2d:a4:6d:e3
2026/08/03 13:34:46       AUTH	 rax0: Authenticated User - 02:eb:cf:05:89:ab
2026/08/03 13:35:35       AUTH	 rax0: Authenticated User - 02:2d:96:a5:7e:7b
2026/08/03 14:00:34       AUTH	 rax0: Authenticated User - 02:eb:cf:05:89:ab
2026/08/03 14:22:17      DHCPC	 DHCPREQUEST on br0 to 192.168.0.1 port 67
2026/08/03 14:22:17      DHCPC	 adapter index 12
2026/08/03 14:22:17      DHCPC	 adapter index 12
2026/08/03 14:22:17      DHCPC	 DHCPACK from 192.168.0.1
2026/08/03 14:22:20      DHCPC	 bound to 192.168.0.16 -- renewal in 86398 seconds.
2026/08/03 14:22:33        NTP	 start ntpclient
2026/08/03 14:22:33        NTP	 probe_count=5  hostname=ntp.jst.mfeed.ad.jp   cycle_time=3
2026/08/03 14:22:33        NTP	 ntp server address 210.173.160.27
2026/08/03 14:24:06        NTP	 SUCCESS: set time :  Mon Aug  3 14:24:06 2026
2026/08/03 14:24:06        NTP	 exit ntpclient
2026/08/03 15:40:48       AUTH	 rax0: Authenticated User - 02:eb:cf:05:89:ab
2026/08/03 20:18:28       AUTH	 ra0: Authenticated User - 02:97:68:ff:50:7e
2026/08/04 03:42:45       AUTH	 ra0: Authenticated User - 02:97:68:ff:50:7e
2026/08/04 14:23:50      DHCPC	 DHCPREQUEST on br0 to 192.168.0.1 port 67
2026/08/04 14:23:50      DHCPC	 adapter index 12
2026/08/04 14:23:50      DHCPC	 adapter index 12
2026/08/04 14:23:50      DHCPC	 DHCPACK from 192.168.0.1
2026/08/04 14:23:53      DHCPC	 bound to 192.168.0.16 -- renewal in 86398 seconds.
2026/08/04 14:24:06        NTP	 start ntpclient
2026/08/04 14:24:06        NTP	 probe_count=5  hostname=ntp.jst.mfeed.ad.jp   cycle_time=3
2026/08/04 14:24:06        NTP	 ntp server address 210.173.160.57
2026/08/04 14:25:39        NTP	 SUCCESS: set time :  Tue Aug  4 14:25:39 2026
2026/08/04 14:25:39        NTP	 exit ntpclient
2026/08/04 17:06:14       AUTH	 rax0: Authenticated User - 02:2d:96:a5:7e:7b
2026/08/05 03:42:45       AUTH	 ra0: Authenticated User - 02:97:68:ff:50:7e
2026/08/05 14:25:23      DHCPC	 DHCPREQUEST on br0 to 192.168.0.1 port 67
2026/08/05 14:25:23      DHCPC	 adapter index 12
2026/08/05 14:25:23      DHCPC	 adapter index 12
2026/08/05 14:25:23      DHCPC	 DHCPACK from 192.168.0.1
2026/08/05 14:25:26      DHCPC	 bound to 192.168.0.16 -- renewal in 86398 seconds.
2026/08/05 14:25:39        NTP	 start ntpclient
2026/08/05 14:25:39        NTP	 probe_count=5  hostname=ntp.jst.mfeed.ad.jp   cycle_time=3
2026/08/05 14:25:39        NTP	 ntp server address 210.173.160.57
2026/08/05 14:27:12        NTP	 SUCCESS: set time :  Wed Aug  5 14:27:12 2026
2026/08/05 14:27:12        NTP	 exit ntpclient
2026/08/06 03:42:45       AUTH	 ra0: Authenticated User - 02:97:68:ff:50:7e
2026/08/06 14:26:56      DHCPC	 DHCPREQUEST on br0 to 192.168.0.1 port 67
2026/08/06 14:26:56      DHCPC	 adapter index 12
2026/08/06 14:26:56      DHCPC	 adapter index 12
2026/08/06 14:26:56      DHCPC	 DHCPACK from 192.168.0.1
2026/08/06 14:26:59      DHCPC	 bound to 192.168.0.16 -- renewal in 86398 seconds.
2026/08/06 14:27:12        NTP	 start ntpclient
2026/08/06 14:27:12        NTP	 probe_count=5  hostname=ntp.jst.mfeed.ad.jp   cycle_time=3
2026/08/06 14:27:12        NTP	 ntp server address 210.173.160.87
2026/08/06 14:28:45        NTP	 SUCCESS: set time :  Thu Aug  6 14:28:45 2026
2026/08/06 14:28:45        NTP	 exit ntpclient
2026/08/06 15:34:50       AUTH	 rax0: Authenticated User - 02:da:a4:c8:fd:78
2026/08/07 09:22:35       AUTH	 rax0: Authenticated User - 02:2d:96:a5:7e:7b
2026/08/07 09:22:40       AUTH	 rax0: Authenticated User - 02:eb:cf:05:89:ab
2026/08/07 09:22:40       AUTH	 rax0: Authenticated User - 02:e1:bb:b9:ab:26
2026/08/07 11:19:14       AUTH	 rax0: Authenticated User - 02:2d:96:a5:7e:7b
2026/08/07 11:47:49       AUTH	 rax0: Authenticated User - 02:2d:96:a5:7e:7b
2026/08/07 11:47:55       AUTH	 rax0: Authenticated User - 02:eb:cf:05:89:ab
2026/08/07 12:17:57       AUTH	 ra0: Authenticated User - 02:97:68:ff:50:7e
2026/08/07 12:33:58       AUTH	 rax0: Authenticated User - 02:2d:96:a5:7e:7b
2026/08/07 13:15:18       AUTH	 rax0: Authenticated User - 02:e1:bb:b9:ab:26
2026/08/07 13:15:42       AUTH	 rax0: Authenticated User - 02:2d:96:a5:7e:7b
2026/08/07 13:16:12       AUTH	 rax0: Authenticated User - 02:2d:96:a5:7e:7b
2026/08/07 14:24:35       AUTH	 rax0: Authenticated User - 02:2d:96:a5:7e:7b
2026/08/07 14:28:29      DHCPC	 DHCPREQUEST on br0 to 192.168.0.1 port 67
2026/08/07 14:28:29      DHCPC	 adapter index 12
2026/08/07 14:28:29      DHCPC	 adapter index 12
2026/08/07 14:28:29      DHCPC	 DHCPACK from 192.168.0.1
2026/08/07 14:28:32      DHCPC	 bound to 192.168.0.16 -- renewal in 86397 seconds.
2026/08/07 14:28:45        NTP	 start ntpclient
2026/08/07 14:28:45        NTP	 probe_count=5  hostname=ntp.jst.mfeed.ad.jp   cycle_time=3
2026/08/07 14:28:45        NTP	 ntp server address 210.173.160.27
2026/08/07 14:30:18        NTP	 SUCCESS: set time :  Fri Aug  7 14:30:18 2026
2026/08/07 14:30:18        NTP	 exit ntpclient
2026/08/07 14:37:34       AUTH	 rax0: Authenticated User - 02:e1:bb:b9:ab:26
2026/08/07 16:11:24       AUTH	 rax0: Authenticated User - 02:2d:96:a5:7e:7b
2026/08/07 16:11:36       AUTH	 rax0: Authenticated User - 02:eb:cf:05:89:ab
2026/08/08 03:42:45       AUTH	 ra0: Authenticated User - 02:97:68:ff:50:7e
2026/08/08 13:43:31       AUTH	 rax0: Authenticated User - 02:52:41:55:62:5f
2026/08/08 14:30:02      DHCPC	 DHCPREQUEST on br0 to 192.168.0.1 port 67
2026/08/08 14:30:02      DHCPC	 adapter index 12
2026/08/08 14:30:02      DHCPC	 adapter index 12
2026/08/08 14:30:02      DHCPC	 DHCPACK from 192.168.0.1
2026/08/08 14:30:05      DHCPC	 bound to 192.168.0.16 -- renewal in 86398 seconds.
2026/08/08 14:30:18        NTP	 start ntpclient
2026/08/08 14:30:18        NTP	 probe_count=5  hostname=ntp.jst.mfeed.ad.jp   cycle_time=3
2026/08/08 14:30:18        NTP	 ntp server address 210.173.160.87
2026/08/08 14:31:51        NTP	 SUCCESS: set time :  Sat Aug  8 14:31:51 2026
2026/08/08 14:31:51        NTP	 exit ntpclient
2026/08/08 16:31:05       AUTH	 rax0: Authenticated User - 02:52:41:55:62:5f
2026/08/08 16:31:07       AUTH	 rax0: Authenticated User - 02:52:41:55:62:5f
2026/08/09 03:42:45       AUTH	 ra0: Authenticated User - 02:97:68:ff:50:7e
2026/08/09 13:38:47       AUTH	 rax0: Authenticated User - 02:eb:cf:05:89:ab
2026/08/09 13:40:06       AUTH	 rax0: Authenticated User - 02:2d:96:a5:7e:7b
2026/08/09 13:48:04       AUTH	 rax0: Authenticated User - 02:eb:cf:05:89:ab
2026/08/09 13:48:05       AUTH	 rax0: Authenticated User - 02:2d:96:a5:7e:7b
2026/08/09 14:31:35      DHCPC	 DHCPREQUEST on br0 to 192.168.0.1 port 67
2026/08/09 14:31:35      DHCPC	 adapter index 12
2026/08/09 14:31:35      DHCPC	 adapter index 12
2026/08/09 14:31:35      DHCPC	 DHCPACK from 192.168.0.1
2026/08/09 14:31:38      DHCPC	 bound to 192.168.0.16 -- renewal in 86398 seconds.
2026/08/09 14:31:51        NTP	 start ntpclient
2026/08/09 14:31:51        NTP	 probe_count=5  hostname=ntp.jst.mfeed.ad.jp   cycle_time=3
2026/08/09 14:31:51        NTP	 ntp server address 210.173.160.27
2026/08/09 14:33:24        NTP	 SUCCESS: set time :  Sun Aug  9 14:33:24 2026
2026/08/09 14:33:24        NTP	 exit ntpclient
2026/08/09 14:37:11       AUTH	 rax0: Authenticated User - 02:eb:cf:05:89:ab
2026/08/09 14:37:21       AUTH	 rax0: Authenticated User - 02:2d:96:a5:7e:7b
2026/08/09 15:54:58       AUTH	 rax0: Authenticated User - 02:2d:96:a5:7e:7b
2026/08/09 15:54:59       AUTH	 rax0: Authenticated User - 02:eb:cf:05:89:ab
2026/08/09 15:54:59       AUTH	 rax0: Authenticated User - 02:2d:96:a5:7e:7b
2026/08/09 16:35:31       AUTH	 rax0: Authenticated User - 02:eb:cf:05:89:ab
2026/08/09 16:35:53       AUTH	 rax0: Authenticated User - 02:2d:96:a5:7e:7b
2026/08/10 03:42:45       AUTH	 ra0: Authenticated User - 02:97:68:ff:50:7e
2026/08/10 10:19:33       AUTH	 rax0: Authenticated User - 02:2d:96:a5:7e:7b
2026/08/10 10:22:09       AUTH	 rax0: Authenticated User - 02:2d:96:a5:7e:7b
2026/08/10 10:22:20       AUTH	 rax0: Authenticated User - 02:eb:cf:05:89:ab
2026/08/10 11:21:39       AUTH	 rax0: Authenticated User - 02:e1:bb:b9:ab:26
2026/08/10 11:21:41       AUTH	 rax0: Authenticated User - 02:2d:96:a5:7e:7b
2026/08/10 11:21:42       AUTH	 rax0: Authenticated User - 02:eb:cf:05:89:ab
2026/08/10 13:15:15       AUTH	 rax0: Authenticated User - 02:eb:cf:05:89:ab
2026/08/10 13:15:25       AUTH	 rax0: Authenticated User - 02:2d:96:a5:7e:7b
2026/08/10 13:55:51       AUTH	 rax0: Authenticated User - 02:2d:96:a5:7e:7b
2026/08/10 14:33:08      DHCPC	 DHCPREQUEST on br0 to 192.168.0.1 port 67
2026/08/10 14:33:08      DHCPC	 adapter index 12
2026/08/10 14:33:08      DHCPC	 adapter index 12
2026/08/10 14:33:08      DHCPC	 DHCPACK from 192.168.0.1
2026/08/10 14:33:11      DHCPC	 bound to 192.168.0.16 -- renewal in 86398 seconds.
2026/08/10 14:33:24        NTP	 start ntpclient
2026/08/10 14:33:24        NTP	 probe_count=5  hostname=ntp.jst.mfeed.ad.jp   cycle_time=3
2026/08/10 14:33:24        NTP	 ntp server address 210.173.160.27
2026/08/10 14:34:57        NTP	 SUCCESS: set time :  Mon Aug 10 14:34:57 2026
2026/08/10 14:34:57        NTP	 exit ntpclient
2026/08/11 01:16:07       AUTH	 ra0: Authenticated User - 02:56:e7:08:0a:9b
2026/08/11 01:16:07       AUTH	 ra0: Authenticated User - 02:90:02:43:d4:79
2026/08/11 01:16:07       AUTH	 ra0: Authenticated User - 02:a0:04:17:18:6e
2026/08/11 01:16:19       AUTH	 ra0: Authenticated User - 02:97:68:ff:50:7e
2026/08/11 03:00:17      DHCPC	 DHCPRELEASE on br0 to 192.168.0.1 port 67
2026/08/11 03:00:17      DHCPC	 adapter index 2
2026/08/11 03:00:18      DHCPC	 adapter index 12
2026/08/11 03:00:18      DHCPC	 DHCPDISCOVER on br0 to 255.255.255.255 port 67 interval 4
2026/08/11 03:00:18      DHCPC	 adapter index 12
2026/08/11 03:00:18      DHCPC	 DHCPOFFER from br0:192.168.0.1
2026/08/11 03:00:18      DHCPC	 DHCPREQUEST on br0 to 255.255.255.255 port 67
2026/08/11 03:00:18      DHCPC	 adapter index 12
2026/08/11 03:00:18      DHCPC	 DHCPACK from 192.168.0.1
2026/08/11 03:00:21      DHCPC	 bound to 192.168.0.16 -- renewal in 86397 seconds.
2026/08/11 03:00:31       AUTH	 rax0: Authenticated User - 02:47:6c:73:ce:9a
2026/08/11 03:00:31       AUTH	 rax0: Authenticated User - 02:07:8f:2b:73:65
2026/08/11 03:00:34        NTP	 start ntpclient
2026/08/11 03:00:34        NTP	 probe_count=5  hostname=ntp.jst.mfeed.ad.jp   cycle_time=3
2026/08/11 03:00:34        NTP	 ntp server address 210.173.160.87
2026/08/11 03:01:22        NTP	 SUCCESS: set time :  Tue Aug 11 03:01:22 2026
2026/08/11 03:01:22        NTP	 exit ntpclient
2026/08/11 03:44:10       AUTH	 ra0: Authenticated User - 02:97:68:ff:50:7e
2026/08/11 09:43:11       AUTH	 ra0: Authenticated User - 02:97:68:ff:50:7e
2026/08/11 21:31:08       AUTH	 rax0: Authenticated User - 02:52:41:55:62:5f
2026/08/12 03:01:06      DHCPC	 DHCPREQUEST on br0 to 192.168.0.1 port 67
2026/08/12 03:01:06      DHCPC	 adapter index 12
2026/08/12 03:01:06      DHCPC	 adapter index 12
2026/08/12 03:01:06      DHCPC	 DHCPACK from 192.168.0.1
2026/08/12 03:01:09      DHCPC	 bound to 192.168.0.16 -- renewal in 86398 seconds.
2026/08/12 03:01:22        NTP	 start ntpclient
2026/08/12 03:01:22        NTP	 probe_count=5  hostname=ntp.jst.mfeed.ad.jp   cycle_time=3
2026/08/12 03:01:22        NTP	 ntp server address 210.173.160.57
2026/08/12 03:02:55        NTP	 SUCCESS: set time :  Wed Aug 12 03:02:55 2026
2026/08/12 03:02:55        NTP	 exit ntpclient
2026/08/12 03:43:34       AUTH	 ra0: Authenticated User - 02:97:68:ff:50:7e
2026/08/12 05:04:17       AUTH	 rax0: Authenticated User - 02:52:41:55:62:5f
2026/08/12 08:12:14       AUTH	 rax0: Authenticated User - 02:52:41:55:62:5f
2026/08/12 10:04:07       AUTH	 rax0: Authenticated User - 02:52:41:55:62:5f
2026/08/12 11:39:49       AUTH	 rax0: Authenticated User - 02:c9:ac:e4:43:76
2026/08/12 11:40:00       AUTH	 rax0: Authenticated User - 02:eb:cf:05:89:ab
2026/08/12 14:01:57       AUTH	 ra0: Authenticated User - 02:e1:23:4e:b7:54
2026/08/12 14:08:40       AUTH	 ra0: Authenticated User - 02:e1:23:4e:b7:54
2026/08/12 14:09:49       AUTH	 ra0: Authenticated User - 02:e1:23:4e:b7:54
2026/08/12 14:11:26       AUTH	 ra0: Authenticated User - 02:e1:23:4e:b7:54
2026/08/12 14:12:24       AUTH	 ra0: Authenticated User - 02:e1:23:4e:b7:54
2026/08/12 14:14:00       AUTH	 ra0: Authenticated User - 02:e1:23:4e:b7:54
2026/08/12 14:14:44       AUTH	 ra0: Authenticated User - 02:e1:23:4e:b7:54
2026/08/12 14:16:19       AUTH	 ra0: Authenticated User - 02:e1:23:4e:b7:54
2026/08/12 14:16:53       AUTH	 ra0: Authenticated User - 02:e1:23:4e:b7:54
2026/08/12 14:17:49       AUTH	 ra0: Authenticated User - 02:e1:23:4e:b7:54
2026/08/12 14:19:04       AUTH	 ra0: Authenticated User - 02:e1:23:4e:b7:54
2026/08/12 14:19:44       AUTH	 rax0: Authenticated User - 02:eb:cf:05:89:ab
2026/08/12 14:20:32       AUTH	 ra0: Authenticated User - 02:e1:23:4e:b7:54
2026/08/12 14:21:32       AUTH	 ra0: Authenticated User - 02:e1:23:4e:b7:54
2026/08/12 14:21:48       AUTH	 rax0: Authenticated User - 02:b8:f7:79:dd:34
2026/08/12 14:23:40       AUTH	 rax0: Authenticated User - 02:52:41:55:62:5f
2026/08/12 14:24:16       AUTH	 rax0: Authenticated User - 02:c9:ac:e4:43:76
2026/08/12 14:24:26       AUTH	 ra0: Authenticated User - 02:e1:23:4e:b7:54
2026/08/12 14:28:59       AUTH	 rax0: Authenticated User - 02:c9:ac:e4:43:76
2026/08/12 14:29:28       AUTH	 ra0: Authenticated User - 02:e1:23:4e:b7:54
2026/08/12 14:31:31       AUTH	 ra0: Authenticated User - 02:e1:23:4e:b7:54
2026/08/12 14:32:20       AUTH	 ra0: Authenticated User - 02:e1:23:4e:b7:54
2026/08/12 14:32:56       AUTH	 ra0: Authenticated User - 02:e1:23:4e:b7:54
2026/08/12 14:34:33       AUTH	 ra0: Authenticated User - 02:e1:23:4e:b7:54
2026/08/12 14:35:00       AUTH	 rax0: Authenticated User - 02:c9:ac:e4:43:76
2026/08/12 14:35:05       AUTH	 ra0: Authenticated User - 02:e1:23:4e:b7:54
2026/08/12 14:35:36       AUTH	 ra0: Authenticated User - 02:e1:23:4e:b7:54
2026/08/12 14:36:02       AUTH	 ra0: Authenticated User - 02:e1:23:4e:b7:54
2026/08/12 14:36:45       AUTH	 ra0: Authenticated User - 02:e1:23:4e:b7:54
2026/08/12 14:36:56       AUTH	 rax0: Authenticated User - 02:52:41:55:62:5f
2026/08/12 14:37:26       AUTH	 ra0: Authenticated User - 02:e1:23:4e:b7:54
2026/08/12 14:38:45       AUTH	 ra0: Authenticated User - 02:e1:23:4e:b7:54
2026/08/12 14:39:17       AUTH	 ra0: Authenticated User - 02:e1:23:4e:b7:54
2026/08/12 14:39:49       AUTH	 ra0: Authenticated User - 02:e1:23:4e:b7:54
2026/08/12 14:40:35       AUTH	 ra0: Authenticated User - 02:e1:23:4e:b7:54
2026/08/12 14:41:01       AUTH	 ra0: Authenticated User - 02:e1:23:4e:b7:54
2026/08/12 14:42:24       AUTH	 ra0: Authenticated User - 02:e1:23:4e:b7:54
2026/08/12 14:42:48       AUTH	 ra0: Authenticated User - 02:e1:23:4e:b7:54
2026/08/12 14:45:45       AUTH	 ra0: Authenticated User - 02:e1:23:4e:b7:54
2026/08/12 14:46:14       AUTH	 ra0: Authenticated User - 02:e1:23:4e:b7:54
2026/08/12 14:50:03       AUTH	 ra0: Authenticated User - 02:e1:23:4e:b7:54
2026/08/12 14:50:16       AUTH	 rax0: Authenticated User - 02:52:41:55:62:5f
2026/08/12 14:50:51       AUTH	 ra0: Authenticated User - 02:e1:23:4e:b7:54
2026/08/12 14:52:41       AUTH	 ra0: Authenticated User - 02:e1:23:4e:b7:54
2026/08/12 14:53:31       AUTH	 ra0: Authenticated User - 02:e1:23:4e:b7:54
2026/08/12 14:54:21       AUTH	 ra0: Authenticated User - 02:e1:23:4e:b7:54
2026/08/12 14:56:25       AUTH	 ra0: Authenticated User - 02:e1:23:4e:b7:54
2026/08/12 14:57:15       AUTH	 ra0: Authenticated User - 02:e1:23:4e:b7:54
2026/08/12 14:57:47       AUTH	 ra0: Authenticated User - 02:e1:23:4e:b7:54
2026/08/12 14:58:22       AUTH	 rax0: Authenticated User - 02:b8:f7:79:dd:34
2026/08/12 14:58:22       AUTH	 rax0: Authenticated User - 02:52:41:55:62:5f
2026/08/12 14:59:20       AUTH	 rax0: Authenticated User - 02:b8:f7:79:dd:34
2026/08/12 15:00:12       AUTH	 ra0: Authenticated User - 02:e1:23:4e:b7:54
2026/08/12 15:00:18       AUTH	 rax0: Authenticated User - 02:52:41:55:62:5f
2026/08/12 15:01:35       AUTH	 rax0: Authenticated User - 02:52:41:55:62:5f
2026/08/12 15:02:02       AUTH	 ra0: Authenticated User - 02:e1:23:4e:b7:54
2026/08/12 15:02:25       AUTH	 ra0: Authenticated User - 02:e1:23:4e:b7:54
2026/08/12 15:02:42       AUTH	 rax0: Authenticated User - 02:52:41:55:62:5f
2026/08/12 15:03:26       AUTH	 ra0: Authenticated User - 02:e1:23:4e:b7:54
2026/08/12 15:04:07       AUTH	 rax0: Authenticated User - 02:52:41:55:62:5f
2026/08/12 15:04:13       AUTH	 ra0: Authenticated User - 02:e1:23:4e:b7:54
2026/08/12 15:04:53       AUTH	 ra0: Authenticated User - 02:e1:23:4e:b7:54
2026/08/12 15:06:50       AUTH	 ra0: Authenticated User - 02:e1:23:4e:b7:54
2026/08/12 15:07:12       AUTH	 ra0: Authenticated User - 02:e1:23:4e:b7:54
2026/08/12 15:07:46       AUTH	 ra0: Authenticated User - 02:e1:23:4e:b7:54
2026/08/12 15:08:27       AUTH	 ra0: Authenticated User - 02:e1:23:4e:b7:54
2026/08/12 15:09:07       AUTH	 ra0: Authenticated User - 02:e1:23:4e:b7:54
2026/08/12 15:11:06       AUTH	 ra0: Authenticated User - 02:e1:23:4e:b7:54
2026/08/12 15:11:25       AUTH	 rax0: Authenticated User - 02:52:41:55:62:5f
2026/08/12 15:12:37       AUTH	 ra0: Authenticated User - 02:e1:23:4e:b7:54
2026/08/12 15:14:57       AUTH	 ra0: Authenticated User - 02:e1:23:4e:b7:54
2026/08/12 15:15:01       AUTH	 rax0: Authenticated User - 02:52:41:55:62:5f
2026/08/12 15:16:21       AUTH	 ra0: Authenticated User - 02:e1:23:4e:b7:54
2026/08/12 15:17:36       AUTH	 ra0: Authenticated User - 02:e1:23:4e:b7:54
2026/08/12 15:17:50       AUTH	 rax0: Authenticated User - 02:52:41:55:62:5f
2026/08/12 15:18:05       AUTH	 ra0: Authenticated User - 02:e1:23:4e:b7:54
2026/08/12 15:20:15       AUTH	 ra0: Authenticated User - 02:e1:23:4e:b7:54
2026/08/12 15:20:29       AUTH	 rax0: Authenticated User - 02:52:41:55:62:5f
2026/08/12 15:21:14       AUTH	 ra0: Authenticated User - 02:e1:23:4e:b7:54
2026/08/12 15:22:59       AUTH	 ra0: Authenticated User - 02:e1:23:4e:b7:54
2026/08/12 15:23:26       AUTH	 rax0: Authenticated User - 02:52:41:55:62:5f
2026/08/12 15:24:13       AUTH	 ra0: Authenticated User - 02:e1:23:4e:b7:54
2026/08/12 15:25:07       AUTH	 ra0: Authenticated User - 02:e1:23:4e:b7:54
2026/08/12 15:26:08       AUTH	 ra0: Authenticated User - 02:e1:23:4e:b7:54
2026/08/12 15:27:01       AUTH	 ra0: Authenticated User - 02:e1:23:4e:b7:54
2026/08/12 15:27:04       AUTH	 rax0: Authenticated User - 02:52:41:55:62:5f
2026/08/12 15:27:33       AUTH	 ra0: Authenticated User - 02:e1:23:4e:b7:54
2026/08/12 15:28:38       AUTH	 ra0: Authenticated User - 02:e1:23:4e:b7:54
2026/08/12 15:28:58       AUTH	 rax0: Authenticated User - 02:52:41:55:62:5f
2026/08/12 15:29:09       AUTH	 ra0: Authenticated User - 02:e1:23:4e:b7:54
2026/08/12 15:29:47       AUTH	 rax0: Authenticated User - 02:52:41:55:62:5f
2026/08/12 15:31:20       AUTH	 ra0: Authenticated User - 02:e1:23:4e:b7:54
2026/08/12 15:32:18       AUTH	 rax0: Authenticated User - 02:52:41:55:62:5f
2026/08/12 15:32:47       AUTH	 rax0: Authenticated User - 02:52:41:55:62:5f
2026/08/12 15:34:45       AUTH	 ra0: Authenticated User - 02:e1:23:4e:b7:54
2026/08/12 15:35:35       AUTH	 ra0: Authenticated User - 02:e1:23:4e:b7:54
2026/08/12 15:36:50       AUTH	 ra0: Authenticated User - 02:e1:23:4e:b7:54
2026/08/12 15:37:13       AUTH	 ra0: Authenticated User - 02:e1:23:4e:b7:54
2026/08/12 15:37:46       AUTH	 ra0: Authenticated User - 02:e1:23:4e:b7:54
2026/08/12 15:38:29       AUTH	 ra0: Authenticated User - 02:e1:23:4e:b7:54
2026/08/12 15:39:06       AUTH	 ra0: Authenticated User - 02:e1:23:4e:b7:54
2026/08/12 15:39:46       AUTH	 ra0: Authenticated User - 02:e1:23:4e:b7:54
2026/08/12 15:40:21       AUTH	 rax0: Authenticated User - 02:52:41:55:62:5f
2026/08/12 15:40:49       AUTH	 ra0: Authenticated User - 02:e1:23:4e:b7:54
2026/08/12 15:41:23       AUTH	 ra0: Authenticated User - 02:e1:23:4e:b7:54
2026/08/12 15:41:51       AUTH	 ra0: Authenticated User - 02:e1:23:4e:b7:54
2026/08/12 15:42:29       AUTH	 ra0: Authenticated User - 02:e1:23:4e:b7:54
2026/08/12 15:42:58       AUTH	 ra0: Authenticated User - 02:e1:23:4e:b7:54
2026/08/12 15:43:37       AUTH	 ra0: Authenticated User - 02:e1:23:4e:b7:54
2026/08/12 15:44:52       AUTH	 ra0: Authenticated User - 02:e1:23:4e:b7:54
2026/08/12 15:45:35       AUTH	 ra0: Authenticated User - 02:e1:23:4e:b7:54
2026/08/12 15:46:04       AUTH	 ra0: Authenticated User - 02:e1:23:4e:b7:54
2026/08/12 15:46:22       AUTH	 ra0: Authenticated User - 02:e1:23:4e:b7:54
2026/08/12 15:47:00       AUTH	 ra0: Authenticated User - 02:e1:23:4e:b7:54
2026/08/12 15:47:28       AUTH	 ra0: Authenticated User - 02:e1:23:4e:b7:54
2026/08/12 15:47:56       AUTH	 ra0: Authenticated User - 02:e1:23:4e:b7:54
2026/08/12 15:48:51       AUTH	 ra0: Authenticated User - 02:e1:23:4e:b7:54
2026/08/12 15:49:18       AUTH	 ra0: Authenticated User - 02:e1:23:4e:b7:54
2026/08/12 15:49:38       AUTH	 ra0: Authenticated User - 02:e1:23:4e:b7:54
2026/08/12 15:50:20       AUTH	 ra0: Authenticated User - 02:e1:23:4e:b7:54
2026/08/12 15:50:55       AUTH	 ra0: Authenticated User - 02:e1:23:4e:b7:54
2026/08/12 15:52:28       AUTH	 ra0: Authenticated User - 02:e1:23:4e:b7:54
2026/08/12 15:53:09       AUTH	 ra0: Authenticated User - 02:e1:23:4e:b7:54
2026/08/12 15:53:34       AUTH	 ra0: Authenticated User - 02:e1:23:4e:b7:54
2026/08/12 15:56:09       AUTH	 ra0: Authenticated User - 02:e1:23:4e:b7:54
2026/08/12 15:56:39       AUTH	 ra0: Authenticated User - 02:e1:23:4e:b7:54
2026/08/12 16:00:24       AUTH	 ra0: Authenticated User - 02:e1:23:4e:b7:54
2026/08/12 16:02:10       AUTH	 ra0: Authenticated User - 02:e1:23:4e:b7:54
2026/08/12 16:02:58       AUTH	 ra0: Authenticated User - 02:e1:23:4e:b7:54
2026/08/12 16:03:42       AUTH	 ra0: Authenticated User - 02:e1:23:4e:b7:54
2026/08/12 16:03:55       AUTH	 ra0: Authenticated User - 02:e1:23:4e:b7:54
2026/08/12 16:05:08       AUTH	 ra0: Authenticated User - 02:e1:23:4e:b7:54
2026/08/12 16:09:22       AUTH	 ra0: Authenticated User - 02:e1:23:4e:b7:54
2026/08/12 16:10:14       AUTH	 ra0: Authenticated User - 02:e1:23:4e:b7:54
2026/08/12 16:11:15       AUTH	 ra0: Authenticated User - 02:e1:23:4e:b7:54
2026/08/12 16:12:05       AUTH	 ra0: Authenticated User - 02:e1:23:4e:b7:54
2026/08/12 16:12:35       AUTH	 ra0: Authenticated User - 02:e1:23:4e:b7:54
2026/08/12 16:13:02       AUTH	 ra0: Authenticated User - 02:e1:23:4e:b7:54
2026/08/12 16:13:46       AUTH	 ra0: Authenticated User - 02:e1:23:4e:b7:54
2026/08/12 16:14:34       AUTH	 ra0: Authenticated User - 02:e1:23:4e:b7:54
2026/08/12 16:14:53       AUTH	 rax0: Authenticated User - 02:c9:ac:e4:43:76
2026/08/12 16:15:10       AUTH	 ra0: Authenticated User - 02:e1:23:4e:b7:54
2026/08/12 16:15:47       AUTH	 ra0: Authenticated User - 02:e1:23:4e:b7:54
2026/08/12 16:16:54       AUTH	 ra0: Authenticated User - 02:e1:23:4e:b7:54
2026/08/12 16:17:19       AUTH	 ra0: Authenticated User - 02:e1:23:4e:b7:54
2026/08/12 16:18:56       AUTH	 ra0: Authenticated User - 02:e1:23:4e:b7:54
2026/08/12 16:19:35       AUTH	 ra0: Authenticated User - 02:e1:23:4e:b7:54
2026/08/12 16:20:04       AUTH	 ra0: Authenticated User - 02:e1:23:4e:b7:54
2026/08/12 16:21:38       AUTH	 ra0: Authenticated User - 02:e1:23:4e:b7:54
2026/08/12 16:21:56       AUTH	 ra0: Authenticated User - 02:e1:23:4e:b7:54
2026/08/12 16:23:28       AUTH	 ra0: Authenticated User - 02:e1:23:4e:b7:54
2026/08/12 16:23:57       AUTH	 rax0: Authenticated User - 02:b8:f7:79:dd:34
2026/08/12 16:24:09       AUTH	 ra0: Authenticated User - 02:e1:23:4e:b7:54
2026/08/12 16:25:34       AUTH	 ra0: Authenticated User - 02:e1:23:4e:b7:54
2026/08/12 16:26:13       AUTH	 ra0: Authenticated User - 02:e1:23:4e:b7:54
2026/08/12 16:26:54       AUTH	 rax0: Authenticated User - 02:c9:ac:e4:43:76
2026/08/12 16:27:06       AUTH	 ra0: Authenticated User - 02:e1:23:4e:b7:54
2026/08/12 16:27:31       AUTH	 ra0: Authenticated User - 02:e1:23:4e:b7:54
2026/08/12 16:27:41       AUTH	 ra0: Authenticated User - 02:e1:23:4e:b7:54
2026/08/12 16:27:59       AUTH	 ra0: Authenticated User - 02:e1:23:4e:b7:54
2026/08/12 16:28:31       AUTH	 ra0: Authenticated User - 02:e1:23:4e:b7:54
2026/08/12 16:32:51       AUTH	 ra0: Authenticated User - 02:e1:23:4e:b7:54
2026/08/12 16:33:28       AUTH	 rax0: Authenticated User - 02:b8:f7:79:dd:34
2026/08/12 16:33:34       AUTH	 ra0: Authenticated User - 02:e1:23:4e:b7:54
2026/08/12 16:34:36       AUTH	 ra0: Authenticated User - 02:e1:23:4e:b7:54
2026/08/12 16:35:00       AUTH	 ra0: Authenticated User - 02:e1:23:4e:b7:54
2026/08/12 16:37:23       AUTH	 ra0: Authenticated User - 02:e1:23:4e:b7:54
2026/08/12 16:38:06       AUTH	 ra0: Authenticated User - 02:e1:23:4e:b7:54
2026/08/12 16:38:35       AUTH	 ra0: Authenticated User - 02:e1:23:4e:b7:54
2026/08/12 16:39:14       AUTH	 ra0: Authenticated User - 02:e1:23:4e:b7:54
2026/08/12 16:40:04       AUTH	 ra0: Authenticated User - 02:e1:23:4e:b7:54
2026/08/12 16:40:30       AUTH	 ra0: Authenticated User - 02:e1:23:4e:b7:54
2026/08/12 16:42:06       AUTH	 ra0: Authenticated User - 02:e1:23:4e:b7:54
2026/08/12 16:43:56       AUTH	 ra0: Authenticated User - 02:e1:23:4e:b7:54
2026/08/12 16:44:17       AUTH	 ra0: Authenticated User - 02:e1:23:4e:b7:54
2026/08/12 16:44:42       AUTH	 ra0: Authenticated User - 02:e1:23:4e:b7:54
2026/08/12 16:45:21       AUTH	 ra0: Authenticated User - 02:e1:23:4e:b7:54
2026/08/12 16:45:43       AUTH	 ra0: Authenticated User - 02:e1:23:4e:b7:54
2026/08/12 16:46:36       AUTH	 ra0: Authenticated User - 02:e1:23:4e:b7:54
2026/08/12 16:49:14       AUTH	 ra0: Authenticated User - 02:e1:23:4e:b7:54
2026/08/12 16:49:51       AUTH	 ra0: Authenticated User - 02:e1:23:4e:b7:54
2026/08/12 16:51:14       AUTH	 ra0: Authenticated User - 02:e1:23:4e:b7:54
2026/08/12 16:51:53       AUTH	 ra0: Authenticated User - 02:e1:23:4e:b7:54
2026/08/12 16:52:30       AUTH	 ra0: Authenticated User - 02:e1:23:4e:b7:54
2026/08/12 16:53:52       AUTH	 ra0: Authenticated User - 02:e1:23:4e:b7:54
2026/08/12 16:54:09       AUTH	 rax0: Authenticated User - 02:94:e7:7d:e7:93
2026/08/12 16:54:48       AUTH	 ra0: Authenticated User - 02:e1:23:4e:b7:54
2026/08/12 16:57:37       AUTH	 ra0: Authenticated User - 02:e1:23:4e:b7:54
2026/08/12 17:01:26       AUTH	 ra0: Authenticated User - 02:e1:23:4e:b7:54
2026/08/12 17:10:17       AUTH	 ra0: Authenticated User - 02:e1:23:4e:b7:54
2026/08/12 17:14:04       AUTH	 ra0: Authenticated User - 02:e1:23:4e:b7:54
2026/08/12 17:26:19       AUTH	 ra0: Authenticated User - 02:e1:23:4e:b7:54
2026/08/12 17:30:08       AUTH	 ra0: Authenticated User - 02:e1:23:4e:b7:54
2026/08/12 17:31:47       AUTH	 ra0: Authenticated User - 02:e1:23:4e:b7:54
2026/08/12 17:39:38       AUTH	 ra0: Authenticated User - 02:e1:23:4e:b7:54
2026/08/13 03:02:39      DHCPC	 DHCPREQUEST on br0 to 192.168.0.1 port 67
2026/08/13 03:02:39      DHCPC	 adapter index 12
2026/08/13 03:02:39      DHCPC	 adapter index 12
2026/08/13 03:02:39      DHCPC	 DHCPACK from 192.168.0.1
2026/08/13 03:02:42      DHCPC	 bound to 192.168.0.16 -- renewal in 86398 seconds.
2026/08/13 03:02:55        NTP	 start ntpclient
2026/08/13 03:02:55        NTP	 probe_count=5  hostname=ntp.jst.mfeed.ad.jp   cycle_time=3
2026/08/13 03:02:55        NTP	 ntp server address 210.173.160.87
2026/08/13 03:04:28        NTP	 SUCCESS: set time :  Thu Aug 13 03:04:28 2026
2026/08/13 03:04:28        NTP	 exit ntpclient
2026/08/13 03:43:34       AUTH	 ra0: Authenticated User - 02:97:68:ff:50:7e
2026/08/13 10:02:38       AUTH	 ra0: Authenticated User - 02:e1:23:4e:b7:54
2026/08/13 10:03:52       AUTH	 ra0: Authenticated User - 02:e1:23:4e:b7:54
2026/08/13 10:05:20       AUTH	 ra0: Authenticated User - 02:e1:23:4e:b7:54
2026/08/13 10:06:18       AUTH	 ra0: Authenticated User - 02:e1:23:4e:b7:54
2026/08/13 10:07:54       AUTH	 ra0: Authenticated User - 02:e1:23:4e:b7:54
2026/08/13 10:08:27       AUTH	 ra0: Authenticated User - 02:e1:23:4e:b7:54
2026/08/13 10:09:16       AUTH	 ra0: Authenticated User - 02:e1:23:4e:b7:54
2026/08/13 10:10:10       AUTH	 rax0: Authenticated User - 02:52:41:55:62:5f
2026/08/13 10:10:21       AUTH	 ra0: Authenticated User - 02:e1:23:4e:b7:54
2026/08/13 10:11:19       AUTH	 ra0: Authenticated User - 02:e1:23:4e:b7:54
2026/08/13 10:12:13       AUTH	 ra0: Authenticated User - 02:e1:23:4e:b7:54
2026/08/13 10:12:46       AUTH	 ra0: Authenticated User - 02:e1:23:4e:b7:54
2026/08/13 10:13:47       AUTH	 ra0: Authenticated User - 02:e1:23:4e:b7:54
2026/08/13 10:15:10       AUTH	 ra0: Authenticated User - 02:e1:23:4e:b7:54
2026/08/13 10:16:46       AUTH	 ra0: Authenticated User - 02:e1:23:4e:b7:54
2026/08/13 10:17:31       AUTH	 ra0: Authenticated User - 02:e1:23:4e:b7:54
2026/08/13 10:18:13       AUTH	 ra0: Authenticated User - 02:e1:23:4e:b7:54
2026/08/13 10:18:47       AUTH	 ra0: Authenticated User - 02:e1:23:4e:b7:54
2026/08/13 10:20:26       AUTH	 ra0: Authenticated User - 02:e1:23:4e:b7:54
2026/08/13 10:21:37       AUTH	 ra0: Authenticated User - 02:e1:23:4e:b7:54
2026/08/13 10:22:05       AUTH	 ra0: Authenticated User - 02:e1:23:4e:b7:54
2026/08/13 10:23:06       AUTH	 ra0: Authenticated User - 02:e1:23:4e:b7:54
2026/08/13 10:23:51       AUTH	 ra0: Authenticated User - 02:e1:23:4e:b7:54
2026/08/13 10:25:26       AUTH	 ra0: Authenticated User - 02:e1:23:4e:b7:54
2026/08/13 10:26:25       AUTH	 ra0: Authenticated User - 02:e1:23:4e:b7:54
2026/08/13 10:27:07       AUTH	 ra0: Authenticated User - 02:e1:23:4e:b7:54
2026/08/13 10:28:01       AUTH	 ra0: Authenticated User - 02:e1:23:4e:b7:54
2026/08/13 10:28:28       AUTH	 ra0: Authenticated User - 02:e1:23:4e:b7:54
2026/08/13 10:29:53       AUTH	 ra0: Authenticated User - 02:e1:23:4e:b7:54
2026/08/13 10:30:54       AUTH	 ra0: Authenticated User - 02:e1:23:4e:b7:54
2026/08/13 10:34:34       AUTH	 ra0: Authenticated User - 02:e1:23:4e:b7:54
2026/08/13 10:35:35       AUTH	 ra0: Authenticated User - 02:e1:23:4e:b7:54
2026/08/13 10:35:55       AUTH	 ra0: Authenticated User - 02:e1:23:4e:b7:54
2026/08/13 10:36:28       AUTH	 ra0: Authenticated User - 02:e1:23:4e:b7:54
2026/08/13 10:36:55       AUTH	 ra0: Authenticated User - 02:e1:23:4e:b7:54
2026/08/13 10:37:46       AUTH	 ra0: Authenticated User - 02:e1:23:4e:b7:54
2026/08/13 10:38:23       AUTH	 ra0: Authenticated User - 02:e1:23:4e:b7:54
2026/08/13 10:40:00       AUTH	 ra0: Authenticated User - 02:e1:23:4e:b7:54
2026/08/13 10:40:42       AUTH	 ra0: Authenticated User - 02:e1:23:4e:b7:54
2026/08/13 10:41:29       AUTH	 ra0: Authenticated User - 02:e1:23:4e:b7:54
2026/08/13 10:41:58       AUTH	 ra0: Authenticated User - 02:e1:23:4e:b7:54
2026/08/13 10:42:40       AUTH	 ra0: Authenticated User - 02:e1:23:4e:b7:54
2026/08/13 10:43:22       AUTH	 ra0: Authenticated User - 02:e1:23:4e:b7:54
2026/08/13 10:43:34       AUTH	 ra0: Authenticated User - 02:e1:23:4e:b7:54
2026/08/13 10:44:02       AUTH	 ra0: Authenticated User - 02:e1:23:4e:b7:54
2026/08/13 10:44:45       AUTH	 ra0: Authenticated User - 02:e1:23:4e:b7:54
2026/08/13 10:45:15       AUTH	 ra0: Authenticated User - 02:e1:23:4e:b7:54
2026/08/13 10:46:06       AUTH	 ra0: Authenticated User - 02:e1:23:4e:b7:54
2026/08/13 10:46:47       AUTH	 ra0: Authenticated User - 02:e1:23:4e:b7:54
2026/08/13 10:48:30       AUTH	 ra0: Authenticated User - 02:e1:23:4e:b7:54
2026/08/13 10:49:15       AUTH	 ra0: Authenticated User - 02:e1:23:4e:b7:54
2026/08/13 10:50:10       AUTH	 ra0: Authenticated User - 02:e1:23:4e:b7:54
2026/08/13 10:50:31       AUTH	 ra0: Authenticated User - 02:e1:23:4e:b7:54
2026/08/13 10:50:53       AUTH	 ra0: Authenticated User - 02:e1:23:4e:b7:54
2026/08/13 10:51:38       AUTH	 ra0: Authenticated User - 02:e1:23:4e:b7:54
2026/08/13 10:52:13       AUTH	 ra0: Authenticated User - 02:e1:23:4e:b7:54
2026/08/13 10:52:53       AUTH	 ra0: Authenticated User - 02:e1:23:4e:b7:54
2026/08/13 10:53:20       AUTH	 ra0: Authenticated User - 02:e1:23:4e:b7:54
2026/08/13 10:53:54       AUTH	 ra0: Authenticated User - 02:e1:23:4e:b7:54
2026/08/13 10:55:08       AUTH	 ra0: Authenticated User - 02:e1:23:4e:b7:54
2026/08/13 10:56:49       AUTH	 ra0: Authenticated User - 02:e1:23:4e:b7:54
2026/08/13 10:57:28       AUTH	 ra0: Authenticated User - 02:e1:23:4e:b7:54
2026/08/13 10:58:31       AUTH	 ra0: Authenticated User - 02:e1:23:4e:b7:54
2026/08/13 10:59:26       AUTH	 ra0: Authenticated User - 02:e1:23:4e:b7:54
2026/08/13 10:59:53       AUTH	 ra0: Authenticated User - 02:e1:23:4e:b7:54
2026/08/13 11:00:27       AUTH	 ra0: Authenticated User - 02:e1:23:4e:b7:54
2026/08/13 11:01:04       AUTH	 ra0: Authenticated User - 02:e1:23:4e:b7:54
2026/08/13 11:01:19       AUTH	 ra0: Authenticated User - 02:e1:23:4e:b7:54
2026/08/13 11:01:45       AUTH	 ra0: Authenticated User - 02:e1:23:4e:b7:54
2026/08/13 11:02:08       AUTH	 ra0: Authenticated User - 02:e1:23:4e:b7:54
2026/08/13 11:02:51       AUTH	 ra0: Authenticated User - 02:e1:23:4e:b7:54
2026/08/13 11:03:41       AUTH	 ra0: Authenticated User - 02:e1:23:4e:b7:54
2026/08/13 11:04:43       AUTH	 ra0: Authenticated User - 02:e1:23:4e:b7:54
2026/08/13 11:05:18       AUTH	 ra0: Authenticated User - 02:e1:23:4e:b7:54
2026/08/13 11:06:26       AUTH	 ra0: Authenticated User - 02:e1:23:4e:b7:54
2026/08/13 11:06:55       AUTH	 ra0: Authenticated User - 02:e1:23:4e:b7:54
2026/08/13 11:07:40       AUTH	 ra0: Authenticated User - 02:e1:23:4e:b7:54
2026/08/13 11:07:53       AUTH	 ra0: Authenticated User - 02:e1:23:4e:b7:54
2026/08/13 11:08:31       AUTH	 ra0: Authenticated User - 02:e1:23:4e:b7:54
2026/08/13 11:09:13       AUTH	 ra0: Authenticated User - 02:e1:23:4e:b7:54
2026/08/13 11:09:44       AUTH	 ra0: Authenticated User - 02:e1:23:4e:b7:54
2026/08/13 11:10:08       AUTH	 ra0: Authenticated User - 02:e1:23:4e:b7:54
2026/08/13 11:10:36       AUTH	 ra0: Authenticated User - 02:e1:23:4e:b7:54
2026/08/13 11:12:00       AUTH	 ra0: Authenticated User - 02:e1:23:4e:b7:54
2026/08/13 11:12:43       AUTH	 ra0: Authenticated User - 02:e1:23:4e:b7:54
2026/08/13 11:13:11       AUTH	 ra0: Authenticated User - 02:e1:23:4e:b7:54
2026/08/13 11:14:00       AUTH	 ra0: Authenticated User - 02:e1:23:4e:b7:54
2026/08/13 11:15:03       AUTH	 ra0: Authenticated User - 02:e1:23:4e:b7:54
2026/08/13 11:16:24       AUTH	 ra0: Authenticated User - 02:e1:23:4e:b7:54
2026/08/13 11:16:39       AUTH	 ra0: Authenticated User - 02:e1:23:4e:b7:54
2026/08/13 11:18:48       AUTH	 ra0: Authenticated User - 02:e1:23:4e:b7:54
2026/08/13 11:19:19       AUTH	 ra0: Authenticated User - 02:e1:23:4e:b7:54
2026/08/13 11:20:48       AUTH	 ra0: Authenticated User - 02:e1:23:4e:b7:54
2026/08/13 11:21:03       AUTH	 ra0: Authenticated User - 02:e1:23:4e:b7:54
2026/08/13 11:21:38       AUTH	 ra0: Authenticated User - 02:e1:23:4e:b7:54
2026/08/13 11:22:38       AUTH	 ra0: Authenticated User - 02:e1:23:4e:b7:54
2026/08/13 11:24:11       AUTH	 ra0: Authenticated User - 02:e1:23:4e:b7:54
2026/08/13 11:24:28       AUTH	 ra0: Authenticated User - 02:e1:23:4e:b7:54
2026/08/13 11:25:43       AUTH	 ra0: Authenticated User - 02:e1:23:4e:b7:54
2026/08/13 11:30:17       AUTH	 ra0: Authenticated User - 02:e1:23:4e:b7:54
2026/08/13 11:30:20       AUTH	 ra0: Authenticated User - 02:e1:23:4e:b7:54
2026/08/13 11:30:41       AUTH	 ra0: Authenticated User - 02:e1:23:4e:b7:54
2026/08/13 11:31:23       AUTH	 ra0: Authenticated User - 02:e1:23:4e:b7:54
2026/08/13 11:51:09       AUTH	 ra0: Authenticated User - 02:e1:23:4e:b7:54
2026/08/13 11:52:26       AUTH	 ra0: Authenticated User - 02:e1:23:4e:b7:54
2026/08/13 11:53:01       AUTH	 ra0: Authenticated User - 02:e1:23:4e:b7:54
2026/08/13 11:53:24       AUTH	 ra0: Authenticated User - 02:e1:23:4e:b7:54
2026/08/13 11:56:03       AUTH	 ra0: Authenticated User - 02:e1:23:4e:b7:54
2026/08/13 11:56:31       AUTH	 ra0: Authenticated User - 02:e1:23:4e:b7:54
2026/08/13 11:57:13       AUTH	 ra0: Authenticated User - 02:e1:23:4e:b7:54
2026/08/13 12:01:54       AUTH	 ra0: Authenticated User - 02:e1:23:4e:b7:54
2026/08/13 12:11:29       AUTH	 ra0: Authenticated User - 02:e1:23:4e:b7:54
2026/08/13 12:11:50       AUTH	 ra0: Authenticated User - 02:e1:23:4e:b7:54
2026/08/13 12:12:30       AUTH	 ra0: Authenticated User - 02:e1:23:4e:b7:54
2026/08/13 12:15:11       AUTH	 rax0: Authenticated User - 02:b8:f7:79:dd:34
2026/08/13 12:16:11       AUTH	 ra0: Authenticated User - 02:e1:23:4e:b7:54
2026/08/13 12:16:50       AUTH	 ra0: Authenticated User - 02:e1:23:4e:b7:54
2026/08/13 12:18:58       AUTH	 ra0: Authenticated User - 02:e1:23:4e:b7:54
2026/08/13 12:20:42       AUTH	 ra0: Authenticated User - 02:e1:23:4e:b7:54
2026/08/13 12:20:45       AUTH	 rax0: Authenticated User - 02:52:41:55:62:5f
2026/08/13 12:21:05       AUTH	 ra0: Authenticated User - 02:e1:23:4e:b7:54
2026/08/13 12:21:36       AUTH	 ra0: Authenticated User - 02:e1:23:4e:b7:54
2026/08/13 12:22:13       AUTH	 ra0: Authenticated User - 02:e1:23:4e:b7:54
2026/08/13 12:22:22       AUTH	 rax0: Authenticated User - 02:52:41:55:62:5f
2026/08/13 12:24:02       AUTH	 ra0: Authenticated User - 02:e1:23:4e:b7:54
2026/08/13 12:24:15       AUTH	 ra0: Authenticated User - 02:e1:23:4e:b7:54
2026/08/13 12:24:38       AUTH	 ra0: Authenticated User - 02:e1:23:4e:b7:54
2026/08/13 12:25:30       AUTH	 ra0: Authenticated User - 02:e1:23:4e:b7:54
2026/08/13 12:26:08       AUTH	 ra0: Authenticated User - 02:e1:23:4e:b7:54
2026/08/13 12:26:43       AUTH	 ra0: Authenticated User - 02:e1:23:4e:b7:54
2026/08/13 12:27:04       AUTH	 ra0: Authenticated User - 02:e1:23:4e:b7:54
2026/08/13 12:28:26       AUTH	 rax0: Authenticated User - 02:52:41:55:62:5f
2026/08/13 12:28:43       AUTH	 ra0: Authenticated User - 02:e1:23:4e:b7:54
2026/08/13 12:29:26       AUTH	 rax0: Authenticated User - 02:52:41:55:62:5f
2026/08/13 12:29:43       AUTH	 ra0: Authenticated User - 02:e1:23:4e:b7:54
2026/08/13 12:30:45       AUTH	 ra0: Authenticated User - 02:e1:23:4e:b7:54
2026/08/13 12:31:13       AUTH	 ra0: Authenticated User - 02:e1:23:4e:b7:54
2026/08/13 12:31:34       AUTH	 ra0: Authenticated User - 02:e1:23:4e:b7:54
2026/08/13 12:31:37       AUTH	 rax0: Authenticated User - 02:52:41:55:62:5f
2026/08/13 12:31:55       AUTH	 ra0: Authenticated User - 02:e1:23:4e:b7:54
2026/08/13 12:32:11       AUTH	 rax0: Authenticated User - 02:b8:f7:79:dd:34
2026/08/13 12:32:13       AUTH	 ra0: Authenticated User - 02:e1:23:4e:b7:54
2026/08/13 12:32:26       AUTH	 ra0: Authenticated User - 02:e1:23:4e:b7:54
2026/08/13 12:32:47       AUTH	 rax0: Authenticated User - 02:cb:07:27:49:e0
2026/08/13 12:32:47       AUTH	 rax0: Authenticated User - 02:3e:56:2d:0b:e3
2026/08/13 12:32:55       AUTH	 ra0: Authenticated User - 02:e1:23:4e:b7:54
2026/08/13 12:33:12       AUTH	 ra0: Authenticated User - 02:e1:23:4e:b7:54
2026/08/13 12:34:09       AUTH	 ra0: Authenticated User - 02:e1:23:4e:b7:54
2026/08/13 12:34:16       AUTH	 rax0: Authenticated User - 02:52:41:55:62:5f
2026/08/13 12:34:57       AUTH	 ra0: Authenticated User - 02:e1:23:4e:b7:54
2026/08/13 12:35:34       AUTH	 rax0: Authenticated User - 02:52:41:55:62:5f
2026/08/13 12:35:57       AUTH	 ra0: Authenticated User - 02:e1:23:4e:b7:54
2026/08/13 12:36:54       AUTH	 rax0: Authenticated User - 02:52:41:55:62:5f
2026/08/13 12:37:24       AUTH	 ra0: Authenticated User - 02:e1:23:4e:b7:54
2026/08/13 12:37:37       AUTH	 rax0: Authenticated User - 02:52:41:55:62:5f
2026/08/13 12:37:44       AUTH	 rax0: Authenticated User - 02:3e:56:2d:0b:e3
2026/08/13 12:37:52       AUTH	 ra0: Authenticated User - 02:e1:23:4e:b7:54
2026/08/13 12:38:17       AUTH	 ra0: Authenticated User - 02:e1:23:4e:b7:54
2026/08/13 12:38:50       AUTH	 rax0: Authenticated User - 02:52:41:55:62:5f
2026/08/13 12:38:53       AUTH	 ra0: Authenticated User - 02:e1:23:4e:b7:54
2026/08/13 12:38:57       AUTH	 ra0: Authenticated User - 02:e1:23:4e:b7:54
2026/08/13 12:40:23       AUTH	 rax0: Authenticated User - 02:52:41:55:62:5f
2026/08/13 12:40:23       AUTH	 ra0: Authenticated User - 02:e1:23:4e:b7:54
2026/08/13 12:41:00       AUTH	 ra0: Authenticated User - 02:e1:23:4e:b7:54
2026/08/13 12:41:09       AUTH	 rax0: Authenticated User - 02:52:41:55:62:5f
2026/08/13 12:41:42       AUTH	 ra0: Authenticated User - 02:e1:23:4e:b7:54
2026/08/13 12:42:10       AUTH	 ra0: Authenticated User - 02:e1:23:4e:b7:54
2026/08/13 12:42:29       AUTH	 rax0: Authenticated User - 02:52:41:55:62:5f
2026/08/13 12:43:06       AUTH	 rax0: Authenticated User - 02:52:41:55:62:5f
2026/08/13 12:43:08       AUTH	 ra0: Authenticated User - 02:e1:23:4e:b7:54
2026/08/13 12:43:25       AUTH	 ra0: Authenticated User - 02:e1:23:4e:b7:54
2026/08/13 12:44:09       AUTH	 ra0: Authenticated User - 02:e1:23:4e:b7:54
2026/08/13 12:44:27       AUTH	 rax0: Authenticated User - 02:52:41:55:62:5f
2026/08/13 12:44:42       AUTH	 ra0: Authenticated User - 02:e1:23:4e:b7:54
2026/08/13 12:45:35       AUTH	 ra0: Authenticated User - 02:e1:23:4e:b7:54
2026/08/13 12:46:37       AUTH	 rax0: Authenticated User - 02:52:41:55:62:5f
2026/08/13 12:46:58       AUTH	 ra0: Authenticated User - 02:e1:23:4e:b7:54
2026/08/13 12:47:22       AUTH	 ra0: Authenticated User - 02:e1:23:4e:b7:54
2026/08/13 12:48:39       AUTH	 rax0: Authenticated User - 02:52:41:55:62:5f
2026/08/13 12:49:52       AUTH	 ra0: Authenticated User - 02:e1:23:4e:b7:54
2026/08/13 12:50:55       AUTH	 ra0: Authenticated User - 02:e1:23:4e:b7:54
2026/08/13 12:52:09       AUTH	 ra0: Authenticated User - 02:e1:23:4e:b7:54
2026/08/13 12:52:29       AUTH	 ra0: Authenticated User - 02:e1:23:4e:b7:54
2026/08/13 12:53:07       AUTH	 ra0: Authenticated User - 02:e1:23:4e:b7:54
2026/08/13 12:53:25       AUTH	 ra0: Authenticated User - 02:e1:23:4e:b7:54
2026/08/13 12:53:50       AUTH	 ra0: Authenticated User - 02:e1:23:4e:b7:54
2026/08/13 12:55:05       AUTH	 ra0: Authenticated User - 02:e1:23:4e:b7:54
2026/08/13 12:58:43       AUTH	 ra0: Authenticated User - 02:e1:23:4e:b7:54
2026/08/13 12:59:49       AUTH	 ra0: Authenticated User - 02:e1:23:4e:b7:54
2026/08/13 13:00:34       AUTH	 ra0: Authenticated User - 02:e1:23:4e:b7:54
2026/08/13 13:01:05       AUTH	 ra0: Authenticated User - 02:e1:23:4e:b7:54
2026/08/13 13:01:37       AUTH	 ra0: Authenticated User - 02:e1:23:4e:b7:54
2026/08/13 13:03:44       AUTH	 ra0: Authenticated User - 02:e1:23:4e:b7:54
2026/08/13 13:04:57       AUTH	 ra0: Authenticated User - 02:e1:23:4e:b7:54
2026/08/13 13:06:03       AUTH	 ra0: Authenticated User - 02:e1:23:4e:b7:54
2026/08/13 13:06:33       AUTH	 ra0: Authenticated User - 02:e1:23:4e:b7:54
2026/08/13 13:08:34       AUTH	 rax0: Authenticated User - 02:b8:f7:79:dd:34
2026/08/13 13:10:22       AUTH	 ra0: Authenticated User - 02:e1:23:4e:b7:54
2026/08/13 13:11:02       AUTH	 ra0: Authenticated User - 02:e1:23:4e:b7:54
2026/08/13 13:11:56       AUTH	 ra0: Authenticated User - 02:e1:23:4e:b7:54
2026/08/13 13:12:50       AUTH	 ra0: Authenticated User - 02:e1:23:4e:b7:54
2026/08/13 13:13:23       AUTH	 ra0: Authenticated User - 02:e1:23:4e:b7:54
2026/08/13 13:16:35       AUTH	 rax0: Authenticated User - 02:b8:f7:79:dd:34
2026/08/13 13:17:16       AUTH	 ra0: Authenticated User - 02:e1:23:4e:b7:54
2026/08/13 13:18:36       AUTH	 ra0: Authenticated User - 02:e1:23:4e:b7:54
2026/08/13 13:18:53       AUTH	 ra0: Authenticated User - 02:e1:23:4e:b7:54
2026/08/13 13:48:32       AUTH	 ra0: Authenticated User - 02:e1:23:4e:b7:54
2026/08/13 13:58:02       AUTH	 rax0: Authenticated User - 02:b8:f7:79:dd:34
2026/08/13 14:29:18       AUTH	 rax0: Authenticated User - 02:54:21:01:ad:04
2026/08/13 14:29:21       AUTH	 rax0: Authenticated User - 02:72:25:c2:63:14
2026/08/13 14:29:47       AUTH	 rax0: Authenticated User - 02:54:21:01:ad:04
2026/08/13 15:13:36       AUTH	 ra0: Authenticated User - 02:e1:23:4e:b7:54
2026/08/13 15:17:05       AUTH	 rax0: Authenticated User - 02:72:25:c2:63:14
2026/08/13 15:19:48       AUTH	 rax0: Authenticated User - 02:54:21:01:ad:04
2026/08/13 20:03:51       AUTH	 rax0: Authenticated User - 02:b8:f7:79:dd:34
2026/08/14 03:04:12      DHCPC	 DHCPREQUEST on br0 to 192.168.0.1 port 67
2026/08/14 03:04:12      DHCPC	 adapter index 12
2026/08/14 03:04:12      DHCPC	 adapter index 12
2026/08/14 03:04:12      DHCPC	 DHCPACK from 192.168.0.1
2026/08/14 03:04:15      DHCPC	 bound to 192.168.0.16 -- renewal in 86398 seconds.
2026/08/14 03:04:28        NTP	 start ntpclient
2026/08/14 03:04:28        NTP	 probe_count=5  hostname=ntp.jst.mfeed.ad.jp   cycle_time=3
2026/08/14 03:04:28        NTP	 ntp server address 210.173.160.57
2026/08/14 03:06:01        NTP	 SUCCESS: set time :  Fri Aug 14 03:06:01 2026
2026/08/14 03:06:01        NTP	 exit ntpclient
2026/08/14 03:43:34       AUTH	 ra0: Authenticated User - 02:97:68:ff:50:7e
2026/08/15 03:05:45      DHCPC	 DHCPREQUEST on br0 to 192.168.0.1 port 67
2026/08/15 03:05:45      DHCPC	 adapter index 12
2026/08/15 03:05:45      DHCPC	 adapter index 12
2026/08/15 03:05:45      DHCPC	 DHCPACK from 192.168.0.1
2026/08/15 03:05:48      DHCPC	 bound to 192.168.0.16 -- renewal in 86397 seconds.
2026/08/15 03:06:01        NTP	 start ntpclient
2026/08/15 03:06:01        NTP	 probe_count=5  hostname=ntp.jst.mfeed.ad.jp   cycle_time=3
2026/08/15 03:06:01        NTP	 ntp server address 210.173.160.87
2026/08/15 03:07:34        NTP	 SUCCESS: set time :  Sat Aug 15 03:07:34 2026
2026/08/15 03:07:34        NTP	 exit ntpclient
2026/08/15 03:43:34       AUTH	 ra0: Authenticated User - 02:97:68:ff:50:7e
2026/08/16 03:07:18      DHCPC	 DHCPREQUEST on br0 to 192.168.0.1 port 67
2026/08/16 03:07:18      DHCPC	 adapter index 12
2026/08/16 03:07:18      DHCPC	 adapter index 12
2026/08/16 03:07:18      DHCPC	 DHCPACK from 192.168.0.1
2026/08/16 03:07:21      DHCPC	 bound to 192.168.0.16 -- renewal in 86397 seconds.
2026/08/16 03:07:34        NTP	 start ntpclient
2026/08/16 03:07:34        NTP	 probe_count=5  hostname=ntp.jst.mfeed.ad.jp   cycle_time=3
2026/08/16 03:07:34        NTP	 ntp server address 210.173.160.87
2026/08/16 03:09:07        NTP	 SUCCESS: set time :  Sun Aug 16 03:09:07 2026
2026/08/16 03:09:07        NTP	 exit ntpclient
2026/08/16 03:43:34       AUTH	 ra0: Authenticated User - 02:97:68:ff:50:7e
2026/08/17 03:08:51      DHCPC	 DHCPREQUEST on br0 to 192.168.0.1 port 67
2026/08/17 03:08:51      DHCPC	 adapter index 12
2026/08/17 03:08:51      DHCPC	 adapter index 12
2026/08/17 03:08:51      DHCPC	 DHCPACK from 192.168.0.1
2026/08/17 03:08:54      DHCPC	 bound to 192.168.0.16 -- renewal in 86397 seconds.
2026/08/17 03:09:07        NTP	 start ntpclient
2026/08/17 03:09:07        NTP	 probe_count=5  hostname=ntp.jst.mfeed.ad.jp   cycle_time=3
2026/08/17 03:09:07        NTP	 ntp server address 210.173.160.27
2026/08/17 03:10:40        NTP	 SUCCESS: set time :  Mon Aug 17 03:10:40 2026
2026/08/17 03:10:40        NTP	 exit ntpclient
2026/08/17 03:43:34       AUTH	 ra0: Authenticated User - 02:97:68:ff:50:7e
2026/08/18 03:10:24      DHCPC	 DHCPREQUEST on br0 to 192.168.0.1 port 67
2026/08/18 03:10:24      DHCPC	 adapter index 12
2026/08/18 03:10:24      DHCPC	 adapter index 12
2026/08/18 03:10:24      DHCPC	 DHCPACK from 192.168.0.1
2026/08/18 03:10:28      DHCPC	 bound to 192.168.0.16 -- renewal in 86397 seconds.
2026/08/18 03:10:40        NTP	 start ntpclient
2026/08/18 03:10:40        NTP	 probe_count=5  hostname=ntp.jst.mfeed.ad.jp   cycle_time=3
2026/08/18 03:10:40        NTP	 ntp server address 210.173.160.87
2026/08/18 03:12:13        NTP	 SUCCESS: set time :  Tue Aug 18 03:12:13 2026
2026/08/18 03:12:13        NTP	 exit ntpclient
2026/08/18 03:43:34       AUTH	 ra0: Authenticated User - 02:97:68:ff:50:7e
2026/08/18 09:27:29       AUTH	 rax0: Authenticated User - 02:94:e7:7d:e7:93
2026/08/18 09:27:49       AUTH	 rax0: Authenticated User - 02:c9:ac:e4:43:76
2026/08/18 09:27:56       AUTH	 rax0: Authenticated User - 02:eb:cf:05:89:ab
2026/08/18 09:34:05       AUTH	 rax0: Authenticated User - 02:79:70:f4:7b:37
2026/08/18 12:12:46       AUTH	 rax0: Authenticated User - 02:cb:07:27:49:e0
2026/08/18 12:17:18       AUTH	 rax0: Authenticated User - 02:c9:ac:e4:43:76
2026/08/18 12:43:58       AUTH	 rax0: Authenticated User - 02:c9:ac:e4:43:76
2026/08/18 12:47:22       AUTH	 rax0: Authenticated User - 02:6c:ef:ce:3e:df
2026/08/18 12:52:53       AUTH	 rax0: Authenticated User - 02:79:70:f4:7b:37
2026/08/18 13:11:16       AUTH	 rax0: Authenticated User - 02:79:70:f4:7b:37
2026/08/18 13:24:49       AUTH	 rax0: Authenticated User - 02:c9:ac:e4:43:76
2026/08/18 16:16:31       AUTH	 rax0: Authenticated User - 02:8f:23:a3:55:43
2026/08/18 16:47:41       AUTH	 rax0: Authenticated User - 02:8f:23:a3:55:43
2026/08/18 16:53:40       AUTH	 rax0: Authenticated User - 02:8f:23:a3:55:43
2026/08/19 03:11:57      DHCPC	 DHCPREQUEST on br0 to 192.168.0.1 port 67
2026/08/19 03:11:57      DHCPC	 adapter index 12
2026/08/19 03:11:57      DHCPC	 adapter index 12
2026/08/19 03:11:57      DHCPC	 DHCPACK from 192.168.0.1
2026/08/19 03:12:00      DHCPC	 bound to 192.168.0.16 -- renewal in 86398 seconds.
2026/08/19 03:12:13        NTP	 start ntpclient
2026/08/19 03:12:13        NTP	 probe_count=5  hostname=ntp.jst.mfeed.ad.jp   cycle_time=3
2026/08/19 03:12:13        NTP	 ntp server address 210.173.160.57
2026/08/19 03:13:46        NTP	 SUCCESS: set time :  Wed Aug 19 03:13:46 2026
2026/08/19 03:13:46        NTP	 exit ntpclient
2026/08/19 03:43:34       AUTH	 ra0: Authenticated User - 02:97:68:ff:50:7e
2026/08/19 12:56:25       AUTH	 rax0: Authenticated User - 02:b8:f7:79:dd:34
2026/08/19 12:58:26       AUTH	 rax0: Authenticated User - 02:b9:41:6b:10:0b
2026/08/19 13:01:41       AUTH	 rax0: Authenticated User - 02:b8:f7:79:dd:34
2026/08/19 13:43:46       AUTH	 rax0: Authenticated User - 02:b8:f7:79:dd:34
2026/08/20 03:13:30      DHCPC	 DHCPREQUEST on br0 to 192.168.0.1 port 67
2026/08/20 03:13:30      DHCPC	 adapter index 12
2026/08/20 03:13:30      DHCPC	 adapter index 12
2026/08/20 03:13:30      DHCPC	 DHCPACK from 192.168.0.1
2026/08/20 03:13:33      DHCPC	 bound to 192.168.0.16 -- renewal in 86398 seconds.
2026/08/20 03:13:46        NTP	 start ntpclient
2026/08/20 03:13:46        NTP	 probe_count=5  hostname=ntp.jst.mfeed.ad.jp   cycle_time=3
2026/08/20 03:13:46        NTP	 ntp server address 210.173.160.27
2026/08/20 03:15:19        NTP	 SUCCESS: set time :  Thu Aug 20 03:15:19 2026
2026/08/20 03:15:19        NTP	 exit ntpclient
2026/08/20 03:43:35       AUTH	 ra0: Authenticated User - 02:97:68:ff:50:7e
2026/08/21 01:21:30       AUTH	 ra0: Authenticated User - 02:a0:04:17:18:6e
2026/08/21 01:21:40       AUTH	 ra0: Authenticated User - 02:90:02:43:d4:79
2026/08/21 01:21:42       AUTH	 ra0: Authenticated User - 02:97:68:ff:50:7e
2026/08/21 01:21:52       AUTH	 ra0: Authenticated User - 02:56:e7:08:0a:9b
2026/08/21 03:15:03      DHCPC	 DHCPREQUEST on br0 to 192.168.0.1 port 67
2026/08/21 03:15:03      DHCPC	 adapter index 12
2026/08/21 03:15:03      DHCPC	 adapter index 12
2026/08/21 03:15:03      DHCPC	 DHCPACK from 192.168.0.1
2026/08/21 03:15:06      DHCPC	 bound to 192.168.0.16 -- renewal in 86397 seconds.
2026/08/21 03:15:19        NTP	 start ntpclient
2026/08/21 03:15:19        NTP	 probe_count=5  hostname=ntp.jst.mfeed.ad.jp   cycle_time=3
2026/08/21 03:15:19        NTP	 ntp server address 210.173.160.87
2026/08/21 03:16:52        NTP	 SUCCESS: set time :  Fri Aug 21 03:16:52 2026
2026/08/21 03:16:52        NTP	 exit ntpclient
2026/08/21 03:43:35       AUTH	 ra0: Authenticated User - 02:97:68:ff:50:7e
2026/08/22 03:16:36      DHCPC	 DHCPREQUEST on br0 to 192.168.0.1 port 67
2026/08/22 03:16:36      DHCPC	 adapter index 12
2026/08/22 03:16:36      DHCPC	 adapter index 12
2026/08/22 03:16:36      DHCPC	 DHCPACK from 192.168.0.1
2026/08/22 03:16:40      DHCPC	 bound to 192.168.0.16 -- renewal in 86397 seconds.
2026/08/22 03:16:52        NTP	 start ntpclient
2026/08/22 03:16:52        NTP	 probe_count=5  hostname=ntp.jst.mfeed.ad.jp   cycle_time=3
2026/08/22 03:16:52        NTP	 ntp server address 210.173.160.57
2026/08/22 03:18:25        NTP	 SUCCESS: set time :  Sat Aug 22 03:18:25 2026
2026/08/22 03:18:25        NTP	 exit ntpclient
2026/08/22 03:43:35       AUTH	 ra0: Authenticated User - 02:97:68:ff:50:7e
2026/08/22 11:39:45       AUTH	 rax0: Authenticated User - 02:b8:f7:79:dd:34
2026/08/23 03:18:09      DHCPC	 DHCPREQUEST on br0 to 192.168.0.1 port 67
2026/08/23 03:18:09      DHCPC	 adapter index 12
2026/08/23 03:18:09      DHCPC	 adapter index 12
2026/08/23 03:18:09      DHCPC	 DHCPACK from 192.168.0.1
2026/08/23 03:18:12      DHCPC	 bound to 192.168.0.16 -- renewal in 86397 seconds.
2026/08/23 03:18:25        NTP	 start ntpclient
2026/08/23 03:18:25        NTP	 probe_count=5  hostname=ntp.jst.mfeed.ad.jp   cycle_time=3
2026/08/23 03:18:25        NTP	 ntp server address 210.173.160.87
2026/08/23 03:19:58        NTP	 SUCCESS: set time :  Sun Aug 23 03:19:58 2026
2026/08/23 03:19:58        NTP	 exit ntpclient
2026/08/23 03:43:35       AUTH	 ra0: Authenticated User - 02:97:68:ff:50:7e
2026/08/23 23:23:16       AUTH	 ra0: Authenticated User - 02:90:02:43:d4:79
2026/08/23 23:23:21       AUTH	 ra0: Authenticated User - 02:a0:04:17:18:6e
2026/08/23 23:23:25       AUTH	 ra0: Authenticated User - 02:97:68:ff:50:7e
2026/08/23 23:43:19       AUTH	 ra0: Authenticated User - 02:a0:04:17:18:6e
2026/08/23 23:43:19       AUTH	 ra0: Authenticated User - 02:90:02:43:d4:79
2026/08/23 23:43:22       AUTH	 ra0: Authenticated User - 02:56:e7:08:0a:9b
2026/08/23 23:43:31       AUTH	 ra0: Authenticated User - 02:97:68:ff:50:7e
2026/08/24 03:19:42      DHCPC	 DHCPREQUEST on br0 to 192.168.0.1 port 67
2026/08/24 03:19:42      DHCPC	 adapter index 12
2026/08/24 03:19:42      DHCPC	 adapter index 12
2026/08/24 03:19:42      DHCPC	 DHCPACK from 192.168.0.1
2026/08/24 03:19:45      DHCPC	 bound to 192.168.0.16 -- renewal in 86398 seconds.
2026/08/24 03:19:58        NTP	 start ntpclient
2026/08/24 03:19:58        NTP	 probe_count=5  hostname=ntp.jst.mfeed.ad.jp   cycle_time=3
2026/08/24 03:19:58        NTP	 ntp server address 210.173.160.57
2026/08/24 03:21:31        NTP	 SUCCESS: set time :  Mon Aug 24 03:21:31 2026
2026/08/24 03:21:31        NTP	 exit ntpclient
2026/08/24 03:43:36       AUTH	 ra0: Authenticated User - 02:97:68:ff:50:7e
2026/08/24 05:35:53       AUTH	 ra0: Authenticated User - 02:97:68:ff:50:7e
2026/08/24 05:36:01       AUTH	 ra0: Authenticated User - 02:a0:04:17:18:6e
2026/08/24 05:55:50       AUTH	 ra0: Authenticated User - 02:90:02:43:d4:79
2026/08/24 05:55:50       AUTH	 ra0: Authenticated User - 02:56:e7:08:0a:9b
2026/08/24 05:55:58       AUTH	 ra0: Authenticated User - 02:97:68:ff:50:7e
2026/08/24 05:56:06       AUTH	 ra0: Authenticated User - 02:a0:04:17:18:6e
2026/08/24 09:06:53       AUTH	 ra0: Authenticated User - 02:a0:04:17:18:6e
2026/08/24 09:07:05       AUTH	 ra0: Authenticated User - 02:97:68:ff:50:7e
2026/08/24 12:38:25       AUTH	 ra0: Authenticated User - 02:a0:04:17:18:6e
2026/08/24 12:38:28       AUTH	 ra0: Authenticated User - 02:a4:e8:cb:c5:fd
2026/08/24 12:38:37       AUTH	 ra0: Authenticated User - 02:97:68:ff:50:7e
2026/08/24 15:46:30       AUTH	 ra0: Authenticated User - 02:a0:04:17:18:6e
2026/08/24 15:46:33       AUTH	 ra0: Authenticated User - 02:90:02:43:d4:79
2026/08/24 15:46:34       AUTH	 ra0: Authenticated User - 02:56:e7:08:0a:9b
2026/08/24 15:46:42       AUTH	 ra0: Authenticated User - 02:97:68:ff:50:7e
2026/08/24 18:54:49       AUTH	 ra0: Authenticated User - 02:97:68:ff:50:7e
2026/08/24 18:54:56       AUTH	 ra0: Authenticated User - 02:a0:04:17:18:6e
2026/08/24 19:30:21       AUTH	 rax0: Authenticated User - 02:c9:ac:e4:43:76
2026/08/24 19:32:56       AUTH	 rax0: Authenticated User - 02:c9:ac:e4:43:76
2026/08/24 19:33:06       AUTH	 rax0: Authenticated User - 02:eb:cf:05:89:ab
2026/08/24 19:37:47       AUTH	 rax0: Authenticated User - 02:c9:ac:e4:43:76
2026/08/24 19:48:22       AUTH	 rax0: Authenticated User - 02:c9:ac:e4:43:76
2026/08/24 19:48:25       AUTH	 rax0: Authenticated User - 02:eb:cf:05:89:ab
2026/08/25 03:21:15      DHCPC	 DHCPREQUEST on br0 to 192.168.0.1 port 67
2026/08/25 03:21:15      DHCPC	 adapter index 12
2026/08/25 03:21:15      DHCPC	 adapter index 12
2026/08/25 03:21:15      DHCPC	 DHCPACK from 192.168.0.1
2026/08/25 03:21:18      DHCPC	 bound to 192.168.0.16 -- renewal in 86397 seconds.
2026/08/25 03:21:31        NTP	 start ntpclient
2026/08/25 03:21:31        NTP	 probe_count=5  hostname=ntp.jst.mfeed.ad.jp   cycle_time=3
2026/08/25 03:21:31        NTP	 ntp server address 210.173.160.57
2026/08/25 03:23:04        NTP	 SUCCESS: set time :  Tue Aug 25 03:23:04 2026
2026/08/25 03:23:04        NTP	 exit ntpclient
2026/08/25 03:43:35       AUTH	 ra0: Authenticated User - 02:97:68:ff:50:7e
2026/08/25 11:51:16       AUTH	 rax0: Authenticated User - 02:b8:f7:79:dd:34
2026/08/25 12:58:36       AUTH	 rax0: Authenticated User - 02:c9:ac:e4:43:76
2026/08/25 12:58:43       AUTH	 rax0: Authenticated User - 02:eb:cf:05:89:ab
2026/08/25 13:00:08       AUTH	 rax0: Authenticated User - 02:eb:cf:05:89:ab
2026/08/25 14:08:29       AUTH	 rax0: Authenticated User - 02:eb:cf:05:89:ab
2026/08/25 14:10:09       AUTH	 rax0: Authenticated User - 02:c9:ac:e4:43:76
2026/08/25 14:10:10       AUTH	 rax0: Authenticated User - 02:eb:cf:05:89:ab
2026/08/25 14:58:07       AUTH	 rax0: Authenticated User - 02:72:25:c2:63:14
2026/08/25 14:58:46       AUTH	 rax0: Authenticated User - 02:54:21:01:ad:04
2026/08/25 14:58:59       AUTH	 rax0: Authenticated User - 02:8f:23:a3:55:43
2026/08/25 14:59:32       AUTH	 rax0: Authenticated User - 02:05:de:29:81:4f
2026/08/25 14:59:43       AUTH	 ra0: Authenticated User - 02:02:72:d1:cb:b3
2026/08/25 15:00:21       AUTH	 rax0: Authenticated User - 02:b1:22:68:d5:a0
2026/08/25 15:00:53       AUTH	 rax0: Authenticated User - 02:da:a4:c8:fd:78
2026/08/25 15:19:07       AUTH	 rax0: Authenticated User - 02:b8:f7:79:dd:34
2026/08/25 16:10:20       AUTH	 rax0: Authenticated User - 02:54:21:01:ad:04
2026/08/25 16:10:20       AUTH	 rax0: Authenticated User - 02:72:25:c2:63:14
2026/08/25 16:10:27       AUTH	 rax0: Authenticated User - 02:b8:f7:79:dd:34
2026/08/25 16:12:23       AUTH	 rax0: Authenticated User - 02:da:a4:c8:fd:78
2026/08/25 16:12:26       AUTH	 rax0: Authenticated User - 02:72:25:c2:63:14
2026/08/25 16:13:47       AUTH	 rax0: Authenticated User - 02:8f:23:a3:55:43
2026/08/25 16:14:01       AUTH	 rax0: Authenticated User - 02:05:de:29:81:4f
2026/08/25 16:14:11       AUTH	 rax0: Authenticated User - 02:eb:cf:05:89:ab
2026/08/25 16:14:43       AUTH	 rax0: Authenticated User - 02:eb:cf:05:89:ab
2026/08/25 16:14:46       AUTH	 rax0: Authenticated User - 02:c9:ac:e4:43:76
2026/08/25 16:15:20       AUTH	 rax0: Authenticated User - 02:eb:cf:05:89:ab
2026/08/25 16:44:44       AUTH	 ra0: Authenticated User - 02:02:72:d1:cb:b3
2026/08/25 17:18:46       AUTH	 rax0: Authenticated User - 02:da:a4:c8:fd:78
2026/08/25 17:18:50       AUTH	 rax0: Authenticated User - 02:c9:ac:e4:43:76
2026/08/25 17:27:21       AUTH	 rax0: Authenticated User - 02:da:a4:c8:fd:78
2026/08/25 17:27:36       AUTH	 ra0: Authenticated User - 02:02:72:d1:cb:b3
2026/08/25 17:38:08       AUTH	 rax0: Authenticated User - 02:b8:f7:79:dd:34
2026/08/25 17:58:10       AUTH	 ra0: Authenticated User - 02:02:72:d1:cb:b3
2026/08/25 18:38:02       AUTH	 rax0: Authenticated User - 02:c9:ac:e4:43:76
2026/08/25 18:51:56       AUTH	 rax0: Authenticated User - 02:eb:cf:05:89:ab
2026/08/26 03:22:48      DHCPC	 DHCPREQUEST on br0 to 192.168.0.1 port 67
2026/08/26 03:22:48      DHCPC	 adapter index 12
2026/08/26 03:22:48      DHCPC	 adapter index 12
2026/08/26 03:22:48      DHCPC	 DHCPACK from 192.168.0.1
2026/08/26 03:22:51      DHCPC	 bound to 192.168.0.16 -- renewal in 86397 seconds.
2026/08/26 03:23:04        NTP	 start ntpclient
2026/08/26 03:23:04        NTP	 probe_count=5  hostname=ntp.jst.mfeed.ad.jp   cycle_time=3
2026/08/26 03:23:04        NTP	 ntp server address 210.173.160.27
2026/08/26 03:24:37        NTP	 SUCCESS: set time :  Wed Aug 26 03:24:37 2026
2026/08/26 03:24:37        NTP	 exit ntpclient
2026/08/26 03:43:35       AUTH	 ra0: Authenticated User - 02:97:68:ff:50:7e
2026/08/27 03:24:21      DHCPC	 DHCPREQUEST on br0 to 192.168.0.1 port 67
2026/08/27 03:24:21      DHCPC	 adapter index 12
2026/08/27 03:24:21      DHCPC	 adapter index 12
2026/08/27 03:24:21      DHCPC	 DHCPACK from 192.168.0.1
2026/08/27 03:24:24      DHCPC	 bound to 192.168.0.16 -- renewal in 86397 seconds.
2026/08/27 03:24:37        NTP	 start ntpclient
2026/08/27 03:24:37        NTP	 probe_count=5  hostname=ntp.jst.mfeed.ad.jp   cycle_time=3
2026/08/27 03:24:37        NTP	 ntp server address 210.173.160.87
2026/08/27 03:26:10        NTP	 SUCCESS: set time :  Thu Aug 27 03:26:10 2026
2026/08/27 03:26:10        NTP	 exit ntpclient
2026/08/27 03:43:35       AUTH	 ra0: Authenticated User - 02:97:68:ff:50:7e
2026/08/27 16:21:33       AUTH	 rax0: Authenticated User - 02:b8:f7:79:dd:34
2026/08/27 16:21:39       AUTH	 rax0: Authenticated User - 02:88:2d:a4:6d:e3
2026/08/27 16:38:36       AUTH	 rax0: Authenticated User - 02:b8:f7:79:dd:34
2026/08/27 17:24:13       AUTH	 rax0: Authenticated User - 02:b8:f7:79:dd:34
2026/08/28 03:25:54      DHCPC	 DHCPREQUEST on br0 to 192.168.0.1 port 67
2026/08/28 03:25:54      DHCPC	 adapter index 12
2026/08/28 03:25:54      DHCPC	 adapter index 12
2026/08/28 03:25:54      DHCPC	 DHCPACK from 192.168.0.1
2026/08/28 03:25:57      DHCPC	 bound to 192.168.0.16 -- renewal in 86397 seconds.
2026/08/28 03:26:10        NTP	 start ntpclient
2026/08/28 03:26:10        NTP	 probe_count=5  hostname=ntp.jst.mfeed.ad.jp   cycle_time=3
2026/08/28 03:26:10        NTP	 ntp server address 210.173.160.87
2026/08/28 03:27:43        NTP	 SUCCESS: set time :  Fri Aug 28 03:27:43 2026
2026/08/28 03:27:43        NTP	 exit ntpclient
2026/08/28 03:43:35       AUTH	 ra0: Authenticated User - 02:97:68:ff:50:7e
2026/08/28 19:03:30       AUTH	 rax0: Authenticated User - 02:54:21:01:ad:04
2026/08/28 19:03:32       AUTH	 rax0: Authenticated User - 02:72:25:c2:63:14
2026/08/28 19:18:35       AUTH	 rax0: Authenticated User - 02:72:25:c2:63:14
2026/08/28 19:35:37       AUTH	 rax0: Authenticated User - 02:54:21:01:ad:04
2026/08/28 19:35:39       AUTH	 rax0: Authenticated User - 02:72:25:c2:63:14
2026/08/28 19:45:38       AUTH	 rax0: Authenticated User - 02:72:25:c2:63:14
2026/08/28 20:55:20       AUTH	 rax0: Authenticated User - 02:72:25:c2:63:14
2026/08/29 03:27:27      DHCPC	 DHCPREQUEST on br0 to 192.168.0.1 port 67
2026/08/29 03:27:27      DHCPC	 adapter index 12
2026/08/29 03:27:27      DHCPC	 adapter index 12
2026/08/29 03:27:27      DHCPC	 DHCPACK from 192.168.0.1
2026/08/29 03:27:30      DHCPC	 bound to 192.168.0.16 -- renewal in 86397 seconds.
2026/08/29 03:27:43        NTP	 start ntpclient
2026/08/29 03:27:43        NTP	 probe_count=5  hostname=ntp.jst.mfeed.ad.jp   cycle_time=3
2026/08/29 03:27:43        NTP	 ntp server address 210.173.160.87
2026/08/29 03:29:16        NTP	 SUCCESS: set time :  Sat Aug 29 03:29:16 2026
2026/08/29 03:29:16        NTP	 exit ntpclient
2026/08/29 03:43:35       AUTH	 ra0: Authenticated User - 02:97:68:ff:50:7e
2026/08/29 05:10:26       AUTH	 ra0: Authenticated User - 02:a0:04:17:18:6e
2026/08/29 05:10:29       AUTH	 ra0: Authenticated User - 02:90:02:43:d4:79
2026/08/29 05:10:29       AUTH	 ra0: Authenticated User - 02:56:e7:08:0a:9b
2026/08/29 05:10:38       AUTH	 ra0: Authenticated User - 02:97:68:ff:50:7e
2026/08/29 14:58:36       AUTH	 rax0: Authenticated User - 02:52:41:55:62:5f
2026/08/30 00:58:10      WIRED	 Link Status Changed - Port2 Link DOWN
2026/08/30 00:58:15      DHCPC	 DHCPRELEASE on br0 to 192.168.0.1 port 67
2026/08/30 00:58:15      DHCPC	 adapter index 2
2026/08/30 00:58:15      DHCPC	 adapter index 12
2026/08/30 00:58:15      DHCPC	 DHCPDISCOVER on br0 to 255.255.255.255 port 67 interval 4
2026/08/30 00:58:15      DHCPC	 adapter index 12
2026/08/30 00:58:16      DHCPC	 DHCPOFFER from br0:192.168.0.1
2026/08/30 00:58:16      DHCPC	 DHCPREQUEST on br0 to 255.255.255.255 port 67
2026/08/30 00:58:16      DHCPC	 adapter index 12
2026/08/30 00:58:16      DHCPC	 DHCPACK from 192.168.0.1
2026/08/30 00:58:19      DHCPC	 bound to 192.168.0.16 -- renewal in 86397 seconds.
2026/08/30 00:58:20      WIRED	 Link Status Changed - Port2 Link UP
2026/08/30 00:58:20       AUTH	 rax0: Authenticated User - 02:47:6c:73:ce:9a
2026/08/30 00:58:20       AUTH	 rax0: Authenticated User - 02:07:8f:2b:73:65
2026/08/30 00:58:32        NTP	 start ntpclient
2026/08/30 00:58:32        NTP	 probe_count=5  hostname=ntp.jst.mfeed.ad.jp   cycle_time=3
2026/08/30 00:58:32        NTP	 ntp server address 210.173.160.87
2026/08/30 00:59:55        NTP	 SUCCESS: set time :  Sun Aug 30 00:59:55 2026
2026/08/30 00:59:55        NTP	 exit ntpclient
2026/08/30 01:00:13      WIRED	 Link Status Changed - Port2 Link DOWN
2026/08/30 01:00:21      DHCPC	 DHCPRELEASE on br0 to 192.168.0.1 port 67
2026/08/30 01:00:21      DHCPC	 adapter index 2
2026/08/30 01:00:23      DHCPC	 adapter index 12
2026/08/30 01:00:23      DHCPC	 DHCPDISCOVER on br0 to 255.255.255.255 port 67 interval 4
2026/08/30 01:00:23      DHCPC	 adapter index 12
2026/08/30 01:00:23      DHCPC	 DHCPOFFER from br0:192.168.0.1
2026/08/30 01:00:23      DHCPC	 DHCPREQUEST on br0 to 255.255.255.255 port 67
2026/08/30 01:00:23      DHCPC	 adapter index 12
2026/08/30 01:00:23      WIRED	 Link Status Changed - Port2 Link UP
2026/08/30 01:00:23      DHCPC	 DHCPACK from 192.168.0.1
2026/08/30 01:00:26      DHCPC	 bound to 192.168.0.16 -- renewal in 86398 seconds.
2026/08/30 01:00:27       AUTH	 rax0: Authenticated User - 02:47:6c:73:ce:9a
2026/08/30 01:00:28       AUTH	 rax0: Authenticated User - 02:07:8f:2b:73:65
2026/08/30 01:00:38        NTP	 start ntpclient
2026/08/30 01:00:38        NTP	 probe_count=5  hostname=ntp.jst.mfeed.ad.jp   cycle_time=3
2026/08/30 01:00:38        NTP	 ntp server address 210.173.160.57
2026/08/30 01:00:38        NTP	 SUCCESS: set time :  Sun Aug 30 01:00:38 2026
2026/08/30 01:00:38        NTP	 exit ntpclient
2026/08/30 02:30:06       AUTH	 ra0: Authenticated User - 02:a0:04:17:18:6e
2026/08/30 02:30:18       AUTH	 ra0: Authenticated User - 02:97:68:ff:50:7e
2026/08/30 02:30:24       AUTH	 ra0: Authenticated User - 02:56:e7:08:0a:9b
2026/08/30 03:43:27       AUTH	 ra0: Authenticated User - 02:97:68:ff:50:7e
2026/08/30 04:44:17       AUTH	 rax0: Authenticated User - 02:47:6c:73:ce:9a
2026/08/30 11:38:53       AUTH	 rax0: Authenticated User - 02:72:25:c2:63:14
2026/08/30 11:44:30       AUTH	 rax0: Authenticated User - 02:72:25:c2:63:14
2026/08/30 12:29:35       AUTH	 rax0: Authenticated User - 02:52:41:55:62:5f
2026/08/30 12:45:48       AUTH	 rax0: Authenticated User - 02:54:21:01:ad:04
2026/08/30 12:48:56       AUTH	 rax0: Authenticated User - 02:72:25:c2:63:14
2026/08/30 12:49:14       AUTH	 rax0: Authenticated User - 02:54:21:01:ad:04
2026/08/30 13:06:43       AUTH	 rax0: Authenticated User - 02:07:8f:2b:73:65
2026/08/30 14:25:00       AUTH	 rax0: Authenticated User - 02:72:25:c2:63:14
2026/08/30 15:05:45       AUTH	 rax0: Authenticated User - 02:72:25:c2:63:14
2026/08/30 15:05:48       AUTH	 rax0: Authenticated User - 02:54:21:01:ad:04
2026/08/31 01:00:23      DHCPC	 DHCPREQUEST on br0 to 192.168.0.1 port 67
2026/08/31 01:00:23      DHCPC	 adapter index 12
2026/08/31 01:00:23      DHCPC	 adapter index 12
2026/08/31 01:00:23      DHCPC	 DHCPACK from 192.168.0.1
2026/08/31 01:00:26      DHCPC	 bound to 192.168.0.16 -- renewal in 86397 seconds.
2026/08/31 01:00:38        NTP	 start ntpclient
2026/08/31 01:00:38        NTP	 probe_count=5  hostname=ntp.jst.mfeed.ad.jp   cycle_time=3
2026/08/31 01:00:38        NTP	 ntp server address 210.173.160.27
2026/08/31 01:02:11        NTP	 SUCCESS: set time :  Mon Aug 31 01:02:11 2026
2026/08/31 01:02:11        NTP	 exit ntpclient
2026/08/31 02:06:34       AUTH	 ra0: Authenticated User - 02:56:e7:08:0a:9b
2026/08/31 03:43:25       AUTH	 ra0: Authenticated User - 02:97:68:ff:50:7e
2026/08/31 12:13:29       AUTH	 ra0: Authenticated User - 02:56:e7:08:0a:9b
2026/08/31 12:13:30       AUTH	 ra0: Authenticated User - 02:a0:04:17:18:6e
2026/08/31 12:13:34       AUTH	 ra0: Authenticated User - 02:97:68:ff:50:7e
2026/09/01 01:01:56      DHCPC	 DHCPREQUEST on br0 to 192.168.0.1 port 67
2026/09/01 01:01:56      DHCPC	 adapter index 12
2026/09/01 01:01:56      DHCPC	 adapter index 12
2026/09/01 01:01:56      DHCPC	 DHCPACK from 192.168.0.1
2026/09/01 01:01:59      DHCPC	 bound to 192.168.0.16 -- renewal in 86397 seconds.
2026/09/01 01:02:11        NTP	 start ntpclient
2026/09/01 01:02:11        NTP	 probe_count=5  hostname=ntp.jst.mfeed.ad.jp   cycle_time=3
2026/09/01 01:02:11        NTP	 ntp server address 210.173.160.57
2026/09/01 01:03:44        NTP	 SUCCESS: set time :  Tue Sep  1 01:03:44 2026
2026/09/01 01:03:44        NTP	 exit ntpclient
2026/09/01 03:43:26       AUTH	 ra0: Authenticated User - 02:97:68:ff:50:7e
2026/09/01 15:01:33       AUTH	 rax0: Authenticated User - 02:44:9d:8a:6e:78
2026/09/01 15:33:47       AUTH	 rax0: Authenticated User - 02:44:9d:8a:6e:78
2026/09/01 15:34:20       AUTH	 rax0: Authenticated User - 02:eb:cf:05:89:ab
2026/09/01 15:46:21       AUTH	 rax0: Authenticated User - 02:44:9d:8a:6e:78
2026/09/01 15:47:05       AUTH	 rax0: Authenticated User - 02:44:9d:8a:6e:78
2026/09/01 16:30:04       AUTH	 ra0: Authenticated User - 02:7d:1a:f4:01:9b
2026/09/01 17:37:08       AUTH	 rax0: Authenticated User - 02:eb:cf:05:89:ab
2026/09/01 17:57:11       AUTH	 rax0: Authenticated User - 02:48:1d:77:b2:5e
2026/09/02 01:03:29      DHCPC	 DHCPREQUEST on br0 to 192.168.0.1 port 67
2026/09/02 01:03:29      DHCPC	 adapter index 12
2026/09/02 01:03:29      DHCPC	 adapter index 12
2026/09/02 01:03:29      DHCPC	 DHCPACK from 192.168.0.1
2026/09/02 01:03:32      DHCPC	 bound to 192.168.0.16 -- renewal in 86397 seconds.
2026/09/02 01:03:44        NTP	 start ntpclient
2026/09/02 01:03:44        NTP	 probe_count=5  hostname=ntp.jst.mfeed.ad.jp   cycle_time=3
2026/09/02 01:03:44        NTP	 ntp server address 210.173.160.57
2026/09/02 01:05:17        NTP	 SUCCESS: set time :  Wed Sep  2 01:05:17 2026
2026/09/02 01:05:17        NTP	 exit ntpclient
2026/09/02 03:43:26       AUTH	 ra0: Authenticated User - 02:97:68:ff:50:7e
2026/09/02 13:12:00       AUTH	 rax0: Authenticated User - 02:54:21:01:ad:04
2026/09/02 13:24:19       AUTH	 rax0: Authenticated User - 02:54:21:01:ad:04
2026/09/02 13:24:20       AUTH	 rax0: Authenticated User - 02:72:25:c2:63:14
2026/09/02 15:20:53       AUTH	 rax0: Authenticated User - 02:b8:f7:79:dd:34
2026/09/02 16:00:12       AUTH	 rax0: Authenticated User - 02:88:2d:a4:6d:e3
2026/09/02 16:00:41       AUTH	 rax0: Authenticated User - 02:b8:f7:79:dd:34
2026/09/02 16:11:00       AUTH	 rax0: Authenticated User - 02:b8:f7:79:dd:34
2026/09/02 16:23:38       AUTH	 rax0: Authenticated User - 02:da:a4:c8:fd:78
2026/09/02 16:23:43       AUTH	 rax0: Authenticated User - 02:64:1a:67:25:e4
2026/09/02 16:44:14       AUTH	 rax0: Authenticated User - 02:b8:f7:79:dd:34
2026/09/02 17:33:27       AUTH	 ra0: Authenticated User - 02:a0:04:17:18:6e
2026/09/02 17:33:39       AUTH	 ra0: Authenticated User - 02:97:68:ff:50:7e
2026/09/02 17:39:39       AUTH	 rax0: Authenticated User - 02:b1:22:68:d5:a0
2026/09/02 17:51:27       AUTH	 rax0: Authenticated User - 02:b8:f7:79:dd:34
2026/09/02 18:03:45       AUTH	 rax0: Authenticated User - 02:b8:f7:79:dd:34
2026/09/02 18:21:32       AUTH	 rax0: Authenticated User - 02:da:a4:c8:fd:78
2026/09/02 18:34:46       AUTH	 rax0: Authenticated User - 02:da:a4:c8:fd:78
2026/09/02 18:54:02       AUTH	 rax0: Authenticated User - 02:da:a4:c8:fd:78
2026/09/02 23:16:46       AUTH	 ra0: Authenticated User - 02:97:68:ff:50:7e
2026/09/02 23:16:53       AUTH	 ra0: Authenticated User - 02:a0:04:17:18:6e
2026/09/02 23:36:42       AUTH	 ra0: Authenticated User - 02:56:e7:08:0a:9b
2026/09/02 23:36:51       AUTH	 ra0: Authenticated User - 02:97:68:ff:50:7e
2026/09/02 23:36:56       AUTH	 ra0: Authenticated User - 02:a0:04:17:18:6e
2026/09/03 01:05:02      DHCPC	 DHCPREQUEST on br0 to 192.168.0.1 port 67
2026/09/03 01:05:02      DHCPC	 adapter index 12
2026/09/03 01:05:02      DHCPC	 adapter index 12
2026/09/03 01:05:02      DHCPC	 DHCPACK from 192.168.0.1
2026/09/03 01:05:05      DHCPC	 bound to 192.168.0.16 -- renewal in 86397 seconds.
2026/09/03 01:05:17        NTP	 start ntpclient
2026/09/03 01:05:17        NTP	 probe_count=5  hostname=ntp.jst.mfeed.ad.jp   cycle_time=3
2026/09/03 01:05:17        NTP	 ntp server address 210.173.160.57
2026/09/03 01:06:50        NTP	 SUCCESS: set time :  Thu Sep  3 01:06:50 2026
2026/09/03 01:06:50        NTP	 exit ntpclient
2026/09/03 03:43:27       AUTH	 ra0: Authenticated User - 02:97:68:ff:50:7e
2026/09/03 03:58:47      DHCPC	 DHCPRELEASE on br0 to 192.168.0.1 port 67
2026/09/03 03:59:26      DHCPC	 adapter index 2
2026/09/03 03:59:26      DHCPC	 adapter index 12
2026/09/03 03:59:26      DHCPC	 DHCPDISCOVER on br0 to 255.255.255.255 port 67 interval 4
2026/09/03 03:59:26      DHCPC	 adapter index 12
2026/09/03 03:59:27      DHCPC	 DHCPOFFER from br0:192.168.0.1
2026/09/03 03:59:27      DHCPC	 DHCPREQUEST on br0 to 255.255.255.255 port 67
2026/09/03 03:59:27      DHCPC	 adapter index 12
2026/09/03 03:59:27      DHCPC	 DHCPACK from 192.168.0.1
2026/09/03 03:59:54      DHCPC	 bound to 192.168.0.16 -- renewal in 86373 seconds.
2026/09/03 04:00:10        NTP	 start ntpclient
2026/09/03 04:00:10        NTP	 probe_count=5  hostname=ntp.jst.mfeed.ad.jp   cycle_time=3
2026/09/03 04:00:10        NTP	 ntp server address 210.173.160.57
2026/09/03 04:00:21        NTP	 SUCCESS: set time :  Thu Sep  3 04:00:21 2026
2026/09/03 04:00:21        NTP	 exit ntpclient
2026/09/03 04:03:36      DHCPC	 DHCPRELEASE on br0 to 192.168.0.1 port 67
2026/09/03 04:04:08      DHCPC	 adapter index 2
2026/09/03 04:04:09      DHCPC	 adapter index 12
2026/09/03 04:04:09      DHCPC	 DHCPDISCOVER on br0 to 255.255.255.255 port 67 interval 4
2026/09/03 04:04:09      DHCPC	 adapter index 12
2026/09/03 04:04:09      DHCPC	 DHCPOFFER from br0:192.168.0.1
2026/09/03 04:04:09      DHCPC	 DHCPREQUEST on br0 to 255.255.255.255 port 67
2026/09/03 04:04:09      DHCPC	 adapter index 12
2026/09/03 04:04:09      DHCPC	 DHCPACK from 192.168.0.1
2026/09/03 04:04:31      DHCPC	 bound to 192.168.0.16 -- renewal in 86378 seconds.
2026/09/03 04:04:46        NTP	 start ntpclient
2026/09/03 04:04:46        NTP	 probe_count=5  hostname=ntp.jst.mfeed.ad.jp   cycle_time=3
2026/09/03 04:04:46        NTP	 ntp server address 210.173.160.57
2026/09/03 04:04:46        NTP	 SUCCESS: set time :  Thu Sep  3 04:04:46 2026
2026/09/03 04:04:46        NTP	 exit ntpclient
2026/09/03 04:05:19      DHCPC	 DHCPRELEASE on br0 to 192.168.0.1 port 67
2026/09/03 04:05:41      DHCPC	 adapter index 2
2026/09/03 04:05:42      DHCPC	 adapter index 12
2026/09/03 04:05:42      DHCPC	 DHCPDISCOVER on br0 to 255.255.255.255 port 67 interval 4
2026/09/03 04:05:42      DHCPC	 adapter index 12
2026/09/03 04:05:42      DHCPC	 DHCPOFFER from br0:192.168.0.1
2026/09/03 04:05:42      DHCPC	 DHCPREQUEST on br0 to 255.255.255.255 port 67
2026/09/03 04:05:42      DHCPC	 adapter index 12
2026/09/03 04:05:42      DHCPC	 DHCPACK from 192.168.0.1
2026/09/03 04:06:14      DHCPC	 bound to 192.168.0.16 -- renewal in 86368 seconds.
2026/09/03 04:06:15        NTP	 start ntpclient
2026/09/03 04:06:15        NTP	 probe_count=5  hostname=ntp.jst.mfeed.ad.jp   cycle_time=3
2026/09/03 04:06:15        NTP	 ntp server address 210.173.160.87
2026/09/03 04:06:15        NTP	 SUCCESS: set time :  Thu Sep  3 04:06:15 2026
2026/09/03 04:06:15        NTP	 exit ntpclient
2026/09/03 04:06:26      DHCPC	 DHCPRELEASE on br0 to 192.168.0.1 port 67
2026/09/03 04:06:26      DHCPC	 adapter index 2
2026/09/03 04:06:27      DHCPC	 adapter index 12
2026/09/03 04:06:27      DHCPC	 DHCPDISCOVER on br0 to 255.255.255.255 port 67 interval 4
2026/09/03 04:06:27      DHCPC	 adapter index 12
2026/09/03 04:06:27      DHCPC	 DHCPOFFER from br0:192.168.0.1
2026/09/03 04:06:27      DHCPC	 DHCPREQUEST on br0 to 255.255.255.255 port 67
2026/09/03 04:06:27      DHCPC	 adapter index 12
2026/09/03 04:06:27      DHCPC	 DHCPACK from 192.168.0.1
2026/09/03 04:06:48      DHCPC	 bound to 192.168.0.16 -- renewal in 86380 seconds.
2026/09/03 04:07:00        NTP	 start ntpclient
2026/09/03 04:07:00        NTP	 probe_count=5  hostname=ntp.jst.mfeed.ad.jp   cycle_time=3
2026/09/03 04:07:00        NTP	 ntp server address 210.173.160.87
2026/09/03 04:07:00        NTP	 SUCCESS: set time :  Thu Sep  3 04:07:00 2026
2026/09/03 04:07:00        NTP	 exit ntpclient
2026/09/03 04:11:32      DHCPC	 DHCPRELEASE on br0 to 192.168.0.1 port 67
2026/09/03 04:12:05      DHCPC	 adapter index 2
2026/09/03 04:12:07      DHCPC	 adapter index 12
2026/09/03 04:12:07      DHCPC	 DHCPDISCOVER on br0 to 255.255.255.255 port 67 interval 4
2026/09/03 04:12:07      DHCPC	 adapter index 12
2026/09/03 04:12:07      DHCPC	 DHCPOFFER from br0:192.168.0.1
2026/09/03 04:12:07      DHCPC	 DHCPREQUEST on br0 to 255.255.255.255 port 67
2026/09/03 04:12:07      DHCPC	 adapter index 12
2026/09/03 04:12:07      DHCPC	 DHCPACK from 192.168.0.1
2026/09/03 04:12:27      DHCPC	 bound to 192.168.0.16 -- renewal in 86380 seconds.
2026/09/03 04:12:44        NTP	 start ntpclient
2026/09/03 04:12:44        NTP	 probe_count=5  hostname=ntp.jst.mfeed.ad.jp   cycle_time=3
2026/09/03 04:12:44        NTP	 ntp server address 210.173.160.87
2026/09/03 04:12:44        NTP	 SUCCESS: set time :  Thu Sep  3 04:12:44 2026
2026/09/03 04:12:44        NTP	 exit ntpclient
2026/09/03 04:13:48      DHCPC	 DHCPRELEASE on br0 to 192.168.0.1 port 67
2026/09/03 04:14:03      DHCPC	 adapter index 2
2026/09/03 04:14:06      DHCPC	 adapter index 12
2026/09/03 04:14:06      DHCPC	 DHCPDISCOVER on br0 to 255.255.255.255 port 67 interval 4
2026/09/03 04:14:06      DHCPC	 adapter index 12
2026/09/03 04:14:06      DHCPC	 DHCPOFFER from br0:192.168.0.1
2026/09/03 04:14:06      DHCPC	 DHCPREQUEST on br0 to 255.255.255.255 port 67
2026/09/03 04:14:06      DHCPC	 adapter index 12
2026/09/03 04:14:06      DHCPC	 DHCPACK from 192.168.0.1
2026/09/03 04:14:27      DHCPC	 bound to 192.168.0.16 -- renewal in 86379 seconds.
2026/09/03 04:14:42        NTP	 start ntpclient
2026/09/03 04:14:42        NTP	 probe_count=5  hostname=ntp.jst.mfeed.ad.jp   cycle_time=3
2026/09/03 04:14:47        NTP	 ntp.jst.mfeed.ad.jp : Unknown host
2026/09/03 04:15:21      DHCPC	 DHCPRELEASE on br0 to 192.168.0.1 port 67
2026/09/03 04:15:46      DHCPC	 adapter index 2
2026/09/03 04:15:46      DHCPC	 adapter index 12
2026/09/03 04:15:46      DHCPC	 DHCPDISCOVER on br0 to 255.255.255.255 port 67 interval 4
2026/09/03 04:15:46      DHCPC	 adapter index 12
2026/09/03 04:15:47      DHCPC	 DHCPOFFER from br0:192.168.0.1
2026/09/03 04:15:47      DHCPC	 DHCPREQUEST on br0 to 255.255.255.255 port 67
2026/09/03 04:15:47      DHCPC	 adapter index 12
2026/09/03 04:15:47      DHCPC	 DHCPACK from 192.168.0.1
2026/09/03 04:16:00      DHCPC	 bound to 192.168.0.16 -- renewal in 86388 seconds.
2026/09/03 04:16:06        NTP	 start ntpclient
2026/09/03 04:16:06        NTP	 probe_count=5  hostname=ntp.jst.mfeed.ad.jp   cycle_time=3
2026/09/03 04:16:07        NTP	 ntp server address 210.173.160.27
2026/09/03 04:16:07        NTP	 SUCCESS: set time :  Thu Sep  3 04:16:07 2026
2026/09/03 04:16:07        NTP	 exit ntpclient
2026/09/03 04:16:07      DHCPC	 DHCPRELEASE on br0 to 192.168.0.1 port 67
2026/09/03 04:16:07      DHCPC	 adapter index 2
2026/09/03 04:16:07      DHCPC	 adapter index 12
2026/09/03 04:16:07      DHCPC	 DHCPDISCOVER on br0 to 255.255.255.255 port 67 interval 4
2026/09/03 04:16:07      DHCPC	 adapter index 12
2026/09/03 04:16:07      DHCPC	 DHCPOFFER from br0:192.168.0.1
2026/09/03 04:16:07      DHCPC	 DHCPREQUEST on br0 to 255.255.255.255 port 67
2026/09/03 04:16:07      DHCPC	 adapter index 12
2026/09/03 04:16:07      DHCPC	 DHCPACK from 192.168.0.1
2026/09/03 04:16:31      DHCPC	 bound to 192.168.0.16 -- renewal in 86376 seconds.
2026/09/03 04:16:46        NTP	 start ntpclient
2026/09/03 04:16:46        NTP	 probe_count=5  hostname=ntp.jst.mfeed.ad.jp   cycle_time=3
2026/09/03 04:16:46        NTP	 ntp server address 210.173.160.87
2026/09/03 04:16:46        NTP	 SUCCESS: set time :  Thu Sep  3 04:16:46 2026
2026/09/03 04:16:46        NTP	 exit ntpclient
2026/09/03 04:18:02      DHCPC	 DHCPRELEASE on br0 to 192.168.0.1 port 67
2026/09/03 04:18:16      DHCPC	 adapter index 2
2026/09/03 04:18:16      DHCPC	 adapter index 12
2026/09/03 04:18:16      DHCPC	 DHCPDISCOVER on br0 to 255.255.255.255 port 67 interval 4
2026/09/03 04:18:16      DHCPC	 adapter index 12
2026/09/03 04:18:17      DHCPC	 DHCPOFFER from br0:192.168.0.1
2026/09/03 04:18:17      DHCPC	 DHCPREQUEST on br0 to 255.255.255.255 port 67
2026/09/03 04:18:17      DHCPC	 adapter index 12
2026/09/03 04:18:17      DHCPC	 DHCPACK from 192.168.0.1
2026/09/03 04:18:55      DHCPC	 bound to 192.168.0.16 -- renewal in 86362 seconds.
2026/09/03 04:19:13        NTP	 start ntpclient
2026/09/03 04:19:13        NTP	 probe_count=5  hostname=ntp.jst.mfeed.ad.jp   cycle_time=3
2026/09/03 04:19:18        NTP	 ntp.jst.mfeed.ad.jp : Unknown host
2026/09/03 04:20:00      DHCPC	 DHCPRELEASE on br0 to 192.168.0.1 port 67
2026/09/03 04:21:06      DHCPC	 adapter index 2
2026/09/03 04:21:06      DHCPC	 adapter index 12
2026/09/03 04:21:06      DHCPC	 DHCPDISCOVER on br0 to 255.255.255.255 port 67 interval 4
2026/09/03 04:21:06      DHCPC	 adapter index 12
2026/09/03 04:21:07      DHCPC	 DHCPOFFER from br0:192.168.0.1
2026/09/03 04:21:07      DHCPC	 DHCPREQUEST on br0 to 255.255.255.255 port 67
2026/09/03 04:21:07      DHCPC	 adapter index 12
2026/09/03 04:21:07      DHCPC	 DHCPACK from 192.168.0.1
2026/09/03 04:21:12      DHCPC	 bound to 192.168.0.16 -- renewal in 86395 seconds.
2026/09/03 04:21:34        NTP	 start ntpclient
2026/09/03 04:21:34        NTP	 probe_count=5  hostname=ntp.jst.mfeed.ad.jp   cycle_time=3
2026/09/03 04:21:34        NTP	 ntp server address 210.173.160.27
2026/09/03 04:21:35        NTP	 SUCCESS: set time :  Thu Sep  3 04:21:35 2026
2026/09/03 04:21:35        NTP	 exit ntpclient
2026/09/03 04:21:35      DHCPC	 DHCPRELEASE on br0 to 192.168.0.1 port 67
2026/09/03 04:21:35      DHCPC	 adapter index 2
2026/09/03 04:21:38      DHCPC	 adapter index 12
2026/09/03 04:21:38      DHCPC	 DHCPDISCOVER on br0 to 255.255.255.255 port 67 interval 4
2026/09/03 04:21:38      DHCPC	 adapter index 12
2026/09/03 04:21:38      DHCPC	 DHCPOFFER from br0:192.168.0.1
2026/09/03 04:21:38      DHCPC	 DHCPREQUEST on br0 to 255.255.255.255 port 67
2026/09/03 04:21:38      DHCPC	 adapter index 12
2026/09/03 04:21:38      DHCPC	 DHCPACK from 192.168.0.1
2026/09/03 04:22:13      DHCPC	 bound to 192.168.0.16 -- renewal in 86366 seconds.
2026/09/03 04:22:37        NTP	 start ntpclient
2026/09/03 04:22:37        NTP	 probe_count=5  hostname=ntp.jst.mfeed.ad.jp   cycle_time=3
2026/09/03 04:22:42        NTP	 ntp.jst.mfeed.ad.jp : Unknown host
2026/09/03 04:32:42        NTP	 start ntpclient
2026/09/03 04:32:42        NTP	 probe_count=5  hostname=ntp.jst.mfeed.ad.jp   cycle_time=3
2026/09/03 04:32:47        NTP	 ntp.jst.mfeed.ad.jp : Unknown host
2026/09/03 04:40:23      DHCPC	 DHCPRELEASE on br0 to 192.168.0.1 port 67
2026/09/03 04:40:27      DHCPC	 adapter index 2
2026/09/03 04:40:27      DHCPC	 adapter index 12
2026/09/03 04:40:27      DHCPC	 DHCPDISCOVER on br0 to 255.255.255.255 port 67 interval 4
2026/09/03 04:40:27      DHCPC	 adapter index 12
2026/09/03 04:40:27      DHCPC	 DHCPOFFER from br0:192.168.0.1
2026/09/03 04:40:27      DHCPC	 DHCPREQUEST on br0 to 255.255.255.255 port 67
2026/09/03 04:40:27      DHCPC	 adapter index 12
2026/09/03 04:40:27      DHCPC	 DHCPACK from 192.168.0.1
2026/09/03 04:40:41      DHCPC	 bound to 192.168.0.16 -- renewal in 86387 seconds.
2026/09/03 04:40:52        NTP	 start ntpclient
2026/09/03 04:40:52        NTP	 probe_count=5  hostname=ntp.jst.mfeed.ad.jp   cycle_time=3
2026/09/03 04:40:52        NTP	 ntp server address 210.173.160.27
2026/09/03 04:40:54        NTP	 SUCCESS: set time :  Thu Sep  3 04:40:54 2026
2026/09/03 04:40:54        NTP	 exit ntpclient
2026/09/03 04:41:20      DHCPC	 DHCPRELEASE on br0 to 192.168.0.1 port 67
2026/09/03 04:41:41      DHCPC	 adapter index 2
2026/09/03 04:41:42      DHCPC	 adapter index 12
2026/09/03 04:41:42      DHCPC	 DHCPDISCOVER on br0 to 255.255.255.255 port 67 interval 4
2026/09/03 04:41:42      DHCPC	 adapter index 12
2026/09/03 04:41:42      DHCPC	 DHCPOFFER from br0:192.168.0.1
2026/09/03 04:41:42      DHCPC	 DHCPREQUEST on br0 to 255.255.255.255 port 67
2026/09/03 04:41:42      DHCPC	 adapter index 12
2026/09/03 04:41:42      DHCPC	 DHCPACK from 192.168.0.1
2026/09/03 04:41:55      DHCPC	 bound to 192.168.0.16 -- renewal in 86388 seconds.
2026/09/03 04:42:25        NTP	 start ntpclient
2026/09/03 04:42:25        NTP	 probe_count=5  hostname=ntp.jst.mfeed.ad.jp   cycle_time=3
2026/09/03 04:42:25        NTP	 ntp server address 210.173.160.87
2026/09/03 04:42:25        NTP	 SUCCESS: set time :  Thu Sep  3 04:42:25 2026
2026/09/03 04:42:25        NTP	 exit ntpclient
2026/09/03 04:45:17      DHCPC	 DHCPRELEASE on br0 to 192.168.0.1 port 67
2026/09/03 04:45:31      DHCPC	 adapter index 2
2026/09/03 04:45:31      DHCPC	 adapter index 12
2026/09/03 04:45:31      DHCPC	 DHCPDISCOVER on br0 to 255.255.255.255 port 67 interval 4
2026/09/03 04:45:31      DHCPC	 adapter index 12
2026/09/03 04:45:32      DHCPC	 DHCPOFFER from br0:192.168.0.1
2026/09/03 04:45:32      DHCPC	 DHCPREQUEST on br0 to 255.255.255.255 port 67
2026/09/03 04:45:32      DHCPC	 adapter index 12
2026/09/03 04:45:32      DHCPC	 DHCPACK from 192.168.0.1
2026/09/03 04:46:04      DHCPC	 bound to 192.168.0.16 -- renewal in 86368 seconds.
2026/09/03 04:46:23        NTP	 start ntpclient
2026/09/03 04:46:23        NTP	 probe_count=5  hostname=ntp.jst.mfeed.ad.jp   cycle_time=3
2026/09/03 04:46:28        NTP	 ntp.jst.mfeed.ad.jp : Unknown host
2026/09/03 04:51:32      DHCPC	 DHCPRELEASE on br0 to 192.168.0.1 port 67
2026/09/03 04:52:12      DHCPC	 adapter index 2
2026/09/03 04:52:12      DHCPC	 adapter index 12
2026/09/03 04:52:12      DHCPC	 DHCPDISCOVER on br0 to 255.255.255.255 port 67 interval 4
2026/09/03 04:52:12      DHCPC	 adapter index 12
2026/09/03 04:52:13      DHCPC	 DHCPOFFER from br0:192.168.0.1
2026/09/03 04:52:13      DHCPC	 DHCPREQUEST on br0 to 255.255.255.255 port 67
2026/09/03 04:52:13      DHCPC	 adapter index 12
2026/09/03 04:52:13      DHCPC	 DHCPACK from 192.168.0.1
2026/09/03 04:52:53      DHCPC	 adapter index 2
2026/09/03 04:52:53      DHCPC	 adapter index 12
2026/09/03 04:52:53      DHCPC	 DHCPDISCOVER on br0 to 255.255.255.255 port 67 interval 4
2026/09/03 04:52:53      DHCPC	 adapter index 12
2026/09/03 04:52:54      DHCPC	 DHCPOFFER from br0:192.168.0.1
2026/09/03 04:52:54      DHCPC	 DHCPREQUEST on br0 to 255.255.255.255 port 67
2026/09/03 04:52:54      DHCPC	 adapter index 12
2026/09/03 04:52:54      DHCPC	 DHCPACK from 192.168.0.1
2026/09/03 04:52:54        NTP	 start ntpclient
2026/09/03 04:52:54        NTP	 probe_count=5  hostname=ntp.jst.mfeed.ad.jp   cycle_time=3
2026/09/03 04:52:59        NTP	 ntp.jst.mfeed.ad.jp : Unknown host
2026/09/03 04:53:07      DHCPC	 bound to 192.168.0.16 -- renewal in 86387 seconds.
2026/09/03 04:53:39        NTP	 start ntpclient
2026/09/03 04:53:39        NTP	 probe_count=5  hostname=ntp.jst.mfeed.ad.jp   cycle_time=3
2026/09/03 04:53:39      DHCPC	 DHCPRELEASE on br0 to 192.168.0.1 port 67
2026/09/03 04:53:39      DHCPC	 adapter index 2
2026/09/03 04:53:39      DHCPC	 adapter index 12
2026/09/03 04:53:39      DHCPC	 DHCPDISCOVER on br0 to 255.255.255.255 port 67 interval 4
2026/09/03 04:53:39      DHCPC	 adapter index 12
2026/09/03 04:53:40      DHCPC	 DHCPOFFER from br0:192.168.0.1
2026/09/03 04:53:40      DHCPC	 DHCPREQUEST on br0 to 255.255.255.255 port 67
2026/09/03 04:53:40      DHCPC	 adapter index 12
2026/09/03 04:53:40      DHCPC	 DHCPACK from 192.168.0.1
2026/09/03 04:53:44        NTP	 ntp.jst.mfeed.ad.jp : Unknown host
2026/09/03 04:53:52      DHCPC	 bound to 192.168.0.16 -- renewal in 86388 seconds.
2026/09/03 04:54:28        NTP	 start ntpclient
2026/09/03 04:54:28        NTP	 probe_count=5  hostname=ntp.jst.mfeed.ad.jp   cycle_time=3
2026/09/03 04:54:28        NTP	 ntp server address 210.173.160.27
2026/09/03 04:54:29        NTP	 SUCCESS: set time :  Thu Sep  3 04:54:29 2026
2026/09/03 04:54:29        NTP	 exit ntpclient
2026/09/03 04:54:44      DHCPC	 DHCPRELEASE on br0 to 192.168.0.1 port 67
2026/09/03 04:55:15      DHCPC	 adapter index 2
2026/09/03 04:55:19      DHCPC	 adapter index 12
2026/09/03 04:55:19      DHCPC	 DHCPDISCOVER on br0 to 255.255.255.255 port 67 interval 4
2026/09/03 04:55:19      DHCPC	 adapter index 12
2026/09/03 04:55:19      DHCPC	 DHCPOFFER from br0:192.168.0.1
2026/09/03 04:55:19      DHCPC	 DHCPREQUEST on br0 to 255.255.255.255 port 67
2026/09/03 04:55:19      DHCPC	 adapter index 12
2026/09/03 04:55:19      DHCPC	 DHCPACK from 192.168.0.1
2026/09/03 04:56:03      DHCPC	 bound to 192.168.0.16 -- renewal in 86357 seconds.
2026/09/03 04:56:03        NTP	 start ntpclient
2026/09/03 04:56:03        NTP	 probe_count=5  hostname=ntp.jst.mfeed.ad.jp   cycle_time=3
2026/09/03 04:56:03        NTP	 ntp server address 210.173.160.87
2026/09/03 04:56:03        NTP	 SUCCESS: set time :  Thu Sep  3 04:56:03 2026
2026/09/03 04:56:03        NTP	 exit ntpclient
2026/09/03 04:57:42      DHCPC	 DHCPRELEASE on br0 to 192.168.0.1 port 67
2026/09/03 04:58:06      DHCPC	 adapter index 2
2026/09/03 04:58:08      DHCPC	 adapter index 12
2026/09/03 04:58:08      DHCPC	 DHCPDISCOVER on br0 to 255.255.255.255 port 67 interval 4
2026/09/03 04:58:08      DHCPC	 adapter index 12
2026/09/03 04:58:08      DHCPC	 DHCPOFFER from br0:192.168.0.1
2026/09/03 04:58:08      DHCPC	 DHCPREQUEST on br0 to 255.255.255.255 port 67
2026/09/03 04:58:08      DHCPC	 adapter index 12
2026/09/03 04:58:08      DHCPC	 DHCPACK from 192.168.0.1
2026/09/03 04:58:19      DHCPC	 bound to 192.168.0.16 -- renewal in 86389 seconds.
2026/09/03 04:58:42        NTP	 start ntpclient
2026/09/03 04:58:42        NTP	 probe_count=5  hostname=ntp.jst.mfeed.ad.jp   cycle_time=3
2026/09/03 04:58:47        NTP	 ntp.jst.mfeed.ad.jp : Unknown host
2026/09/03 04:58:54      DHCPC	 DHCPRELEASE on br0 to 192.168.0.1 port 67
2026/09/03 04:58:57      DHCPC	 adapter index 2
2026/09/03 04:58:57      DHCPC	 adapter index 12
2026/09/03 04:58:57      DHCPC	 DHCPDISCOVER on br0 to 255.255.255.255 port 67 interval 4
2026/09/03 04:58:57      DHCPC	 adapter index 12
2026/09/03 04:58:57      DHCPC	 DHCPOFFER from br0:192.168.0.1
2026/09/03 04:58:57      DHCPC	 DHCPREQUEST on br0 to 255.255.255.255 port 67
2026/09/03 04:58:57      DHCPC	 adapter index 12
2026/09/03 04:58:57      DHCPC	 DHCPACK from 192.168.0.1
2026/09/03 04:59:33      DHCPC	 bound to 192.168.0.16 -- renewal in 86364 seconds.
2026/09/03 04:59:33        NTP	 start ntpclient
2026/09/03 04:59:33        NTP	 probe_count=5  hostname=ntp.jst.mfeed.ad.jp   cycle_time=3
2026/09/03 04:59:38        NTP	 ntp.jst.mfeed.ad.jp : Unknown host
2026/09/03 05:02:50      DHCPC	 DHCPRELEASE on br0 to 192.168.0.1 port 67
2026/09/03 05:02:50      DHCPC	 adapter index 2
2026/09/03 05:02:52      DHCPC	 adapter index 12
2026/09/03 05:02:52      DHCPC	 DHCPDISCOVER on br0 to 255.255.255.255 port 67 interval 4
2026/09/03 05:02:52      DHCPC	 adapter index 12
2026/09/03 05:02:52      DHCPC	 DHCPOFFER from br0:192.168.0.1
2026/09/03 05:02:52      DHCPC	 DHCPREQUEST on br0 to 255.255.255.255 port 67
2026/09/03 05:02:52      DHCPC	 adapter index 12
2026/09/03 05:02:52      DHCPC	 DHCPACK from 192.168.0.1
2026/09/03 05:03:00      DHCPC	 bound to 192.168.0.16 -- renewal in 86393 seconds.
2026/09/03 05:03:15        NTP	 start ntpclient
2026/09/03 05:03:15        NTP	 probe_count=5  hostname=ntp.jst.mfeed.ad.jp   cycle_time=3
2026/09/03 05:03:20        NTP	 ntp.jst.mfeed.ad.jp : Unknown host
2026/09/03 05:03:49      DHCPC	 DHCPRELEASE on br0 to 192.168.0.1 port 67
2026/09/03 05:03:49      DHCPC	 adapter index 2
2026/09/03 05:03:49      DHCPC	 adapter index 12
2026/09/03 05:03:49      DHCPC	 DHCPDISCOVER on br0 to 255.255.255.255 port 67 interval 4
2026/09/03 05:03:49      DHCPC	 adapter index 12
2026/09/03 05:03:49      DHCPC	 DHCPOFFER from br0:192.168.0.1
2026/09/03 05:03:49      DHCPC	 DHCPREQUEST on br0 to 255.255.255.255 port 67
2026/09/03 05:03:49      DHCPC	 adapter index 12
2026/09/03 05:03:49      DHCPC	 DHCPACK from 192.168.0.1
2026/09/03 05:04:03      DHCPC	 bound to 192.168.0.16 -- renewal in 86387 seconds.
2026/09/03 05:04:26        NTP	 start ntpclient
2026/09/03 05:04:26        NTP	 probe_count=5  hostname=ntp.jst.mfeed.ad.jp   cycle_time=3
2026/09/03 05:04:26        NTP	 ntp server address 210.173.160.57
2026/09/03 05:04:27        NTP	 SUCCESS: set time :  Thu Sep  3 05:04:27 2026
2026/09/03 05:04:27        NTP	 exit ntpclient
2026/09/03 05:05:47      DHCPC	 DHCPRELEASE on br0 to 192.168.0.1 port 67
2026/09/03 05:05:47      DHCPC	 adapter index 2
2026/09/03 05:05:47      DHCPC	 adapter index 12
2026/09/03 05:05:47      DHCPC	 DHCPDISCOVER on br0 to 255.255.255.255 port 67 interval 4
2026/09/03 05:05:47      DHCPC	 adapter index 12
2026/09/03 05:05:47      DHCPC	 DHCPOFFER from br0:192.168.0.1
2026/09/03 05:05:47      DHCPC	 DHCPREQUEST on br0 to 255.255.255.255 port 67
2026/09/03 05:05:47      DHCPC	 adapter index 12
2026/09/03 05:05:47      DHCPC	 DHCPACK from 192.168.0.1
2026/09/03 05:05:50      DHCPC	 bound to 192.168.0.16 -- renewal in 86397 seconds.
2026/09/03 05:06:30        NTP	 start ntpclient
2026/09/03 05:06:30        NTP	 probe_count=5  hostname=ntp.jst.mfeed.ad.jp   cycle_time=3
2026/09/03 05:06:35        NTP	 ntp.jst.mfeed.ad.jp : Unknown host
2026/09/03 05:07:42      DHCPC	 DHCPRELEASE on br0 to 192.168.0.1 port 67
2026/09/03 05:07:42      DHCPC	 adapter index 2
2026/09/03 05:07:44      DHCPC	 adapter index 12
2026/09/03 05:07:44      DHCPC	 DHCPDISCOVER on br0 to 255.255.255.255 port 67 interval 4
2026/09/03 05:07:44      DHCPC	 adapter index 12
2026/09/03 05:07:44      DHCPC	 DHCPOFFER from br0:192.168.0.1
2026/09/03 05:07:44      DHCPC	 DHCPREQUEST on br0 to 255.255.255.255 port 67
2026/09/03 05:07:44      DHCPC	 adapter index 12
2026/09/03 05:07:44      DHCPC	 DHCPACK from 192.168.0.1
2026/09/03 05:07:56      DHCPC	 bound to 192.168.0.16 -- renewal in 86389 seconds.
2026/09/03 05:08:28        NTP	 start ntpclient
2026/09/03 05:08:28        NTP	 probe_count=5  hostname=ntp.jst.mfeed.ad.jp   cycle_time=3
2026/09/03 05:08:33        NTP	 ntp.jst.mfeed.ad.jp : Unknown host
2026/09/03 05:10:01      DHCPC	 DHCPRELEASE on br0 to 192.168.0.1 port 67
2026/09/03 05:10:01      DHCPC	 adapter index 2
2026/09/03 05:10:04      DHCPC	 adapter index 12
2026/09/03 05:10:04      DHCPC	 DHCPDISCOVER on br0 to 255.255.255.255 port 67 interval 4
2026/09/03 05:10:04      DHCPC	 adapter index 12
2026/09/03 05:10:04      DHCPC	 DHCPOFFER from br0:192.168.0.1
2026/09/03 05:10:04      DHCPC	 DHCPREQUEST on br0 to 255.255.255.255 port 67
2026/09/03 05:10:04      DHCPC	 adapter index 12
2026/09/03 05:10:04      DHCPC	 DHCPACK from 192.168.0.1
2026/09/03 05:10:15      DHCPC	 bound to 192.168.0.16 -- renewal in 86389 seconds.
2026/09/03 05:10:47        NTP	 start ntpclient
2026/09/03 05:10:47        NTP	 probe_count=5  hostname=ntp.jst.mfeed.ad.jp   cycle_time=3
2026/09/03 05:10:52        NTP	 ntp.jst.mfeed.ad.jp : Unknown host
2026/09/03 05:12:38      DHCPC	 DHCPRELEASE on br0 to 192.168.0.1 port 67
2026/09/03 05:13:11      DHCPC	 adapter index 2
2026/09/03 05:13:11      DHCPC	 adapter index 12
2026/09/03 05:13:11      DHCPC	 DHCPDISCOVER on br0 to 255.255.255.255 port 67 interval 4
2026/09/03 05:13:11      DHCPC	 adapter index 12
2026/09/03 05:13:12      DHCPC	 DHCPOFFER from br0:192.168.0.1
2026/09/03 05:13:12      DHCPC	 DHCPREQUEST on br0 to 255.255.255.255 port 67
2026/09/03 05:13:12      DHCPC	 adapter index 12
2026/09/03 05:13:12      DHCPC	 DHCPACK from 192.168.0.1
2026/09/03 05:13:23      DHCPC	 bound to 192.168.0.16 -- renewal in 86389 seconds.
2026/09/03 05:14:06        NTP	 start ntpclient
2026/09/03 05:14:06        NTP	 probe_count=5  hostname=ntp.jst.mfeed.ad.jp   cycle_time=3
2026/09/03 05:14:06        NTP	 ntp server address 210.173.160.57
2026/09/03 05:14:06        NTP	 SUCCESS: set time :  Thu Sep  3 05:14:06 2026
2026/09/03 05:14:06        NTP	 exit ntpclient
2026/09/03 05:14:07      DHCPC	 DHCPRELEASE on br0 to 192.168.0.1 port 67
2026/09/03 05:14:07      DHCPC	 adapter index 2
2026/09/03 05:14:11      DHCPC	 adapter index 12
2026/09/03 05:14:11      DHCPC	 DHCPDISCOVER on br0 to 255.255.255.255 port 67 interval 4
2026/09/03 05:14:11      DHCPC	 adapter index 12
2026/09/03 05:14:11      DHCPC	 DHCPOFFER from br0:192.168.0.1
2026/09/03 05:14:11      DHCPC	 DHCPREQUEST on br0 to 255.255.255.255 port 67
2026/09/03 05:14:11      DHCPC	 adapter index 12
2026/09/03 05:14:11      DHCPC	 DHCPACK from 192.168.0.1
2026/09/03 05:14:39      DHCPC	 bound to 192.168.0.16 -- renewal in 86372 seconds.
2026/09/03 05:14:53        NTP	 start ntpclient
2026/09/03 05:14:53        NTP	 probe_count=5  hostname=ntp.jst.mfeed.ad.jp   cycle_time=3
2026/09/03 05:14:58        NTP	 ntp.jst.mfeed.ad.jp : Unknown host
2026/09/03 05:15:32      DHCPC	 DHCPRELEASE on br0 to 192.168.0.1 port 67
2026/09/03 05:16:01      DHCPC	 adapter index 2
2026/09/03 05:16:01      DHCPC	 adapter index 12
2026/09/03 05:16:01      DHCPC	 DHCPDISCOVER on br0 to 255.255.255.255 port 67 interval 4
2026/09/03 05:16:01      DHCPC	 adapter index 12
2026/09/03 05:16:02      DHCPC	 DHCPOFFER from br0:192.168.0.1
2026/09/03 05:16:02      DHCPC	 DHCPREQUEST on br0 to 255.255.255.255 port 67
2026/09/03 05:16:02      DHCPC	 adapter index 12
2026/09/03 05:16:02      DHCPC	 DHCPACK from 192.168.0.1
2026/09/03 05:16:13      DHCPC	 bound to 192.168.0.16 -- renewal in 86389 seconds.
2026/09/03 05:16:41        NTP	 start ntpclient
2026/09/03 05:16:41        NTP	 probe_count=5  hostname=ntp.jst.mfeed.ad.jp   cycle_time=3
2026/09/03 05:16:41        NTP	 ntp server address 210.173.160.57
2026/09/03 05:16:42        NTP	 SUCCESS: set time :  Thu Sep  3 05:16:42 2026
2026/09/03 05:16:42        NTP	 exit ntpclient
2026/09/03 05:16:56      DHCPC	 DHCPRELEASE on br0 to 192.168.0.1 port 67
2026/09/03 05:17:20      DHCPC	 adapter index 2
2026/09/03 05:17:24      DHCPC	 adapter index 12
2026/09/03 05:17:24      DHCPC	 DHCPDISCOVER on br0 to 255.255.255.255 port 67 interval 4
2026/09/03 05:17:24      DHCPC	 adapter index 12
2026/09/03 05:17:24      DHCPC	 DHCPOFFER from br0:192.168.0.1
2026/09/03 05:17:24      DHCPC	 DHCPREQUEST on br0 to 255.255.255.255 port 67
2026/09/03 05:17:24      DHCPC	 adapter index 12
2026/09/03 05:17:24      DHCPC	 DHCPACK from 192.168.0.1
2026/09/03 05:17:36      DHCPC	 bound to 192.168.0.16 -- renewal in 86388 seconds.
2026/09/03 05:17:58      DHCPC	 DHCPRELEASE on br0 to 192.168.0.1 port 67
2026/09/03 05:17:58      DHCPC	 adapter index 2
2026/09/03 05:17:58      DHCPC	 adapter index 12
2026/09/03 05:17:58      DHCPC	 DHCPDISCOVER on br0 to 255.255.255.255 port 67 interval 4
2026/09/03 05:17:58      DHCPC	 adapter index 12
2026/09/03 05:17:58      DHCPC	 DHCPOFFER from br0:192.168.0.1
2026/09/03 05:17:58      DHCPC	 DHCPREQUEST on br0 to 255.255.255.255 port 67
2026/09/03 05:17:58      DHCPC	 adapter index 12
2026/09/03 05:17:58      DHCPC	 DHCPACK from 192.168.0.1
2026/09/03 05:17:58        NTP	 start ntpclient
2026/09/03 05:17:58        NTP	 probe_count=5  hostname=ntp.jst.mfeed.ad.jp   cycle_time=3
2026/09/03 05:18:03        NTP	 ntp.jst.mfeed.ad.jp : Unknown host
2026/09/03 05:18:11      DHCPC	 bound to 192.168.0.16 -- renewal in 86387 seconds.
2026/09/03 05:18:18        NTP	 start ntpclient
2026/09/03 05:18:18        NTP	 probe_count=5  hostname=ntp.jst.mfeed.ad.jp   cycle_time=3
2026/09/03 05:18:18        NTP	 ntp server address 210.173.160.27
2026/09/03 05:18:18        NTP	 SUCCESS: set time :  Thu Sep  3 05:18:18 2026
2026/09/03 05:18:18        NTP	 exit ntpclient
2026/09/03 05:20:02      DHCPC	 DHCPRELEASE on br0 to 192.168.0.1 port 67
2026/09/03 05:20:16      DHCPC	 adapter index 2
2026/09/03 05:20:16      DHCPC	 adapter index 12
2026/09/03 05:20:16      DHCPC	 DHCPDISCOVER on br0 to 255.255.255.255 port 67 interval 4
2026/09/03 05:20:16      DHCPC	 adapter index 12
2026/09/03 05:20:17      DHCPC	 DHCPOFFER from br0:192.168.0.1
2026/09/03 05:20:17      DHCPC	 DHCPREQUEST on br0 to 255.255.255.255 port 67
2026/09/03 05:20:17      DHCPC	 adapter index 12
2026/09/03 05:20:17      DHCPC	 DHCPACK from 192.168.0.1
2026/09/03 05:20:20      DHCPC	 bound to 192.168.0.16 -- renewal in 86397 seconds.
2026/09/03 05:20:51        NTP	 start ntpclient
2026/09/03 05:20:51        NTP	 probe_count=5  hostname=ntp.jst.mfeed.ad.jp   cycle_time=3
2026/09/03 05:20:51        NTP	 ntp server address 210.173.160.57
2026/09/03 05:20:52        NTP	 SUCCESS: set time :  Thu Sep  3 05:20:52 2026
2026/09/03 05:20:52        NTP	 exit ntpclient
2026/09/03 05:21:33      DHCPC	 DHCPRELEASE on br0 to 192.168.0.1 port 67
2026/09/03 05:22:07      DHCPC	 adapter index 2
2026/09/03 05:22:07      DHCPC	 adapter index 12
2026/09/03 05:22:07      DHCPC	 DHCPDISCOVER on br0 to 255.255.255.255 port 67 interval 4
2026/09/03 05:22:07      DHCPC	 adapter index 12
2026/09/03 05:22:07      DHCPC	 DHCPDISCOVER on br0 to 255.255.255.255 port 67 interval 8
2026/09/03 05:22:07      DHCPC	 adapter index 12
2026/09/03 05:22:14      DHCPC	 DHCPDISCOVER on br0 to 255.255.255.255 port 67 interval 16
2026/09/03 05:22:14      DHCPC	 adapter index 12
2026/09/03 05:22:14      DHCPC	 DHCPOFFER from br0:192.168.0.1
2026/09/03 05:22:14      DHCPC	 DHCPREQUEST on br0 to 255.255.255.255 port 67
2026/09/03 05:22:14      DHCPC	 adapter index 12
2026/09/03 05:22:14      DHCPC	 DHCPACK from 192.168.0.1
2026/09/03 05:22:19      DHCPC	 bound to 192.168.0.16 -- renewal in 86396 seconds.
2026/09/03 05:22:19        NTP	 start ntpclient
2026/09/03 05:22:19        NTP	 probe_count=5  hostname=ntp.jst.mfeed.ad.jp   cycle_time=3
2026/09/03 05:22:19        NTP	 ntp server address 210.173.160.87
2026/09/03 05:22:19        NTP	 SUCCESS: set time :  Thu Sep  3 05:22:19 2026
2026/09/03 05:22:19        NTP	 exit ntpclient
2026/09/03 05:23:16      DHCPC	 DHCPRELEASE on br0 to 192.168.0.1 port 67
2026/09/03 05:23:32      DHCPC	 adapter index 2
2026/09/03 05:23:32      DHCPC	 adapter index 12
2026/09/03 05:23:32      DHCPC	 DHCPDISCOVER on br0 to 255.255.255.255 port 67 interval 4
2026/09/03 05:23:32      DHCPC	 adapter index 12
2026/09/03 05:23:32      DHCPC	 DHCPOFFER from br0:192.168.0.1
2026/09/03 05:23:32      DHCPC	 DHCPREQUEST on br0 to 255.255.255.255 port 67
2026/09/03 05:23:32      DHCPC	 adapter index 12
2026/09/03 05:23:32      DHCPC	 DHCPACK from 192.168.0.1
2026/09/03 05:23:49      DHCPC	 bound to 192.168.0.16 -- renewal in 86383 seconds.
2026/09/03 05:24:02        NTP	 start ntpclient
2026/09/03 05:24:02        NTP	 probe_count=5  hostname=ntp.jst.mfeed.ad.jp   cycle_time=3
2026/09/03 05:24:03      DHCPC	 DHCPRELEASE on br0 to 192.168.0.1 port 67
2026/09/03 05:24:04      DHCPC	 adapter index 2
2026/09/03 05:24:07      DHCPC	 adapter index 12
2026/09/03 05:24:07      DHCPC	 DHCPDISCOVER on br0 to 255.255.255.255 port 67 interval 4
2026/09/03 05:24:07      DHCPC	 adapter index 12
2026/09/03 05:24:07      DHCPC	 DHCPOFFER from br0:192.168.0.1
2026/09/03 05:24:07      DHCPC	 DHCPREQUEST on br0 to 255.255.255.255 port 67
2026/09/03 05:24:07      DHCPC	 adapter index 12
2026/09/03 05:24:07        NTP	 ntp.jst.mfeed.ad.jp : Unknown host
2026/09/03 05:24:07      DHCPC	 DHCPACK from 192.168.0.1
2026/09/03 05:24:21      DHCPC	 bound to 192.168.0.16 -- renewal in 86386 seconds.
2026/09/03 05:24:30        NTP	 start ntpclient
2026/09/03 05:24:30        NTP	 probe_count=5  hostname=ntp.jst.mfeed.ad.jp   cycle_time=3
2026/09/03 05:24:30        NTP	 ntp server address 210.173.160.57
2026/09/03 05:24:30        NTP	 SUCCESS: set time :  Thu Sep  3 05:24:30 2026
2026/09/03 05:24:30        NTP	 exit ntpclient
2026/09/03 07:15:49      DHCPC	 DHCPRELEASE on br0 to 192.168.0.1 port 67
2026/09/03 07:15:51      DHCPC	 adapter index 2
2026/09/03 07:15:54      DHCPC	 adapter index 12
2026/09/03 07:15:54      DHCPC	 DHCPDISCOVER on br0 to 255.255.255.255 port 67 interval 4
2026/09/03 07:15:54      DHCPC	 adapter index 12
2026/09/03 07:15:54      DHCPC	 DHCPOFFER from br0:192.168.0.1
2026/09/03 07:15:54      DHCPC	 DHCPREQUEST on br0 to 255.255.255.255 port 67
2026/09/03 07:15:54      DHCPC	 adapter index 12
2026/09/03 07:15:54      DHCPC	 DHCPACK from 192.168.0.1
2026/09/03 07:15:57      DHCPC	 bound to 192.168.0.16 -- renewal in 86397 seconds.
2026/09/03 07:16:16        NTP	 start ntpclient
2026/09/03 07:16:16        NTP	 probe_count=5  hostname=ntp.jst.mfeed.ad.jp   cycle_time=3
2026/09/03 07:16:16        NTP	 ntp server address 210.173.160.27
2026/09/03 07:16:23        NTP	 SUCCESS: set time :  Thu Sep  3 07:16:23 2026
2026/09/03 07:16:23        NTP	 exit ntpclient
2026/09/03 07:50:28      DHCPC	 DHCPRELEASE on br0 to 192.168.0.1 port 67
2026/09/03 07:50:28      DHCPC	 adapter index 2
2026/09/03 07:50:28      DHCPC	 adapter index 12
2026/09/03 07:50:28      DHCPC	 DHCPDISCOVER on br0 to 255.255.255.255 port 67 interval 4
2026/09/03 07:50:28      DHCPC	 adapter index 12
2026/09/03 07:50:28      DHCPC	 DHCPOFFER from br0:192.168.0.1
2026/09/03 07:50:28      DHCPC	 DHCPREQUEST on br0 to 255.255.255.255 port 67
2026/09/03 07:50:28      DHCPC	 adapter index 12
2026/09/03 07:50:28      DHCPC	 DHCPACK from 192.168.0.1
2026/09/03 07:50:36      DHCPC	 bound to 192.168.0.16 -- renewal in 86393 seconds.
2026/09/03 07:50:44        NTP	 start ntpclient
2026/09/03 07:50:44        NTP	 probe_count=5  hostname=ntp.jst.mfeed.ad.jp   cycle_time=3
2026/09/03 07:50:44        NTP	 ntp server address 210.173.160.27
2026/09/03 07:50:47        NTP	 SUCCESS: set time :  Thu Sep  3 07:50:47 2026
2026/09/03 07:50:47        NTP	 exit ntpclient
2026/09/03 07:58:38      DHCPC	 DHCPRELEASE on br0 to 192.168.0.1 port 67
2026/09/03 07:58:38      DHCPC	 adapter index 2
2026/09/03 07:58:39      DHCPC	 adapter index 12
2026/09/03 07:58:39      DHCPC	 DHCPDISCOVER on br0 to 255.255.255.255 port 67 interval 4
2026/09/03 07:58:39      DHCPC	 adapter index 12
2026/09/03 07:58:39      DHCPC	 DHCPOFFER from br0:192.168.0.1
2026/09/03 07:58:39      DHCPC	 DHCPREQUEST on br0 to 255.255.255.255 port 67
2026/09/03 07:58:39      DHCPC	 adapter index 12
2026/09/03 07:58:39      DHCPC	 DHCPACK from 192.168.0.1
2026/09/03 07:59:01      DHCPC	 bound to 192.168.0.16 -- renewal in 86378 seconds.
2026/09/03 07:59:02        NTP	 start ntpclient
2026/09/03 07:59:02        NTP	 probe_count=5  hostname=ntp.jst.mfeed.ad.jp   cycle_time=3
2026/09/03 07:59:07        NTP	 ntp.jst.mfeed.ad.jp : Unknown host
2026/09/03 07:59:39      DHCPC	 DHCPRELEASE on br0 to 192.168.0.1 port 67
2026/09/03 07:59:39      DHCPC	 adapter index 2
2026/09/03 07:59:42      DHCPC	 adapter index 12
2026/09/03 07:59:42      DHCPC	 DHCPDISCOVER on br0 to 255.255.255.255 port 67 interval 4
2026/09/03 07:59:42      DHCPC	 adapter index 12
2026/09/03 07:59:42      DHCPC	 DHCPOFFER from br0:192.168.0.1
2026/09/03 07:59:42      DHCPC	 DHCPREQUEST on br0 to 255.255.255.255 port 67
2026/09/03 07:59:42      DHCPC	 adapter index 12
2026/09/03 07:59:42      DHCPC	 DHCPACK from 192.168.0.1
2026/09/03 07:59:52      DHCPC	 bound to 192.168.0.16 -- renewal in 86390 seconds.
2026/09/03 08:00:20        NTP	 start ntpclient
2026/09/03 08:00:20        NTP	 probe_count=5  hostname=ntp.jst.mfeed.ad.jp   cycle_time=3
2026/09/03 08:00:25        NTP	 ntp.jst.mfeed.ad.jp : Unknown host
2026/09/03 08:00:32      DHCPC	 DHCPRELEASE on br0 to 192.168.0.1 port 67
2026/09/03 08:00:56      DHCPC	 adapter index 2
2026/09/03 08:00:56      DHCPC	 adapter index 12
2026/09/03 08:00:56      DHCPC	 DHCPDISCOVER on br0 to 255.255.255.255 port 67 interval 4
2026/09/03 08:00:56      DHCPC	 adapter index 12
2026/09/03 08:00:56      DHCPC	 DHCPDISCOVER on br0 to 255.255.255.255 port 67 interval 8
2026/09/03 08:00:56      DHCPC	 adapter index 12
2026/09/03 08:00:56      DHCPC	 DHCPOFFER from br0:192.168.0.1
2026/09/03 08:00:56      DHCPC	 DHCPREQUEST on br0 to 255.255.255.255 port 67
2026/09/03 08:00:56      DHCPC	 adapter index 12
2026/09/03 08:00:56      DHCPC	 DHCPACK from 192.168.0.1
2026/09/03 08:01:53      DHCPC	 adapter index 2
2026/09/03 08:01:53      DHCPC	 adapter index 12
2026/09/03 08:01:53      DHCPC	 DHCPDISCOVER on br0 to 255.255.255.255 port 67 interval 4
2026/09/03 08:01:53      DHCPC	 adapter index 12
2026/09/03 08:01:53      DHCPC	 DHCPOFFER from br0:192.168.0.1
2026/09/03 08:01:53      DHCPC	 DHCPREQUEST on br0 to 255.255.255.255 port 67
2026/09/03 08:01:53      DHCPC	 adapter index 12
2026/09/03 08:01:53      DHCPC	 DHCPACK from 192.168.0.1
2026/09/03 08:01:53        NTP	 start ntpclient
2026/09/03 08:01:53        NTP	 probe_count=5  hostname=ntp.jst.mfeed.ad.jp   cycle_time=3
2026/09/03 08:01:58        NTP	 ntp.jst.mfeed.ad.jp : Unknown host
2026/09/03 08:02:22      DHCPC	 bound to 192.168.0.16 -- renewal in 86371 seconds.
2026/09/03 08:02:43        NTP	 start ntpclient
2026/09/03 08:02:43        NTP	 probe_count=5  hostname=ntp.jst.mfeed.ad.jp   cycle_time=3
2026/09/03 08:02:43        NTP	 ntp server address 210.173.160.57
2026/09/03 08:02:44        NTP	 SUCCESS: set time :  Thu Sep  3 08:02:44 2026
2026/09/03 08:02:44        NTP	 exit ntpclient
2026/09/03 08:05:50      DHCPC	 DHCPRELEASE on br0 to 192.168.0.1 port 67
2026/09/03 08:05:50      DHCPC	 adapter index 2
2026/09/03 08:05:50      DHCPC	 adapter index 12
2026/09/03 08:05:50      DHCPC	 DHCPDISCOVER on br0 to 255.255.255.255 port 67 interval 4
2026/09/03 08:05:50      DHCPC	 adapter index 12
2026/09/03 08:05:50      DHCPC	 DHCPOFFER from br0:192.168.0.1
2026/09/03 08:05:50      DHCPC	 DHCPREQUEST on br0 to 255.255.255.255 port 67
2026/09/03 08:05:50      DHCPC	 adapter index 12
2026/09/03 08:05:50      DHCPC	 DHCPACK from 192.168.0.1
2026/09/03 08:05:53      DHCPC	 bound to 192.168.0.16 -- renewal in 86397 seconds.
2026/09/03 08:06:32        NTP	 start ntpclient
2026/09/03 08:06:32        NTP	 probe_count=5  hostname=ntp.jst.mfeed.ad.jp   cycle_time=3
2026/09/03 08:06:37        NTP	 ntp.jst.mfeed.ad.jp : Unknown host
2026/09/03 08:07:07      DHCPC	 DHCPRELEASE on br0 to 192.168.0.1 port 67
2026/09/03 08:07:07      DHCPC	 adapter index 2
2026/09/03 08:07:07      DHCPC	 adapter index 12
2026/09/03 08:07:07      DHCPC	 DHCPDISCOVER on br0 to 255.255.255.255 port 67 interval 4
2026/09/03 08:07:07      DHCPC	 adapter index 12
2026/09/03 08:07:07      DHCPC	 DHCPOFFER from br0:192.168.0.1
2026/09/03 08:07:07      DHCPC	 DHCPREQUEST on br0 to 255.255.255.255 port 67
2026/09/03 08:07:07      DHCPC	 adapter index 12
2026/09/03 08:07:07      DHCPC	 DHCPACK from 192.168.0.1
2026/09/03 08:07:10      DHCPC	 bound to 192.168.0.16 -- renewal in 86398 seconds.
2026/09/03 08:07:46        NTP	 start ntpclient
2026/09/03 08:07:46        NTP	 probe_count=5  hostname=ntp.jst.mfeed.ad.jp   cycle_time=3
2026/09/03 08:07:46        NTP	 ntp server address 210.173.160.87
2026/09/03 08:07:46        NTP	 SUCCESS: set time :  Thu Sep  3 08:07:46 2026
2026/09/03 08:07:46        NTP	 exit ntpclient
2026/09/03 08:09:35      DHCPC	 DHCPRELEASE on br0 to 192.168.0.1 port 67
2026/09/03 08:09:35      DHCPC	 adapter index 2
2026/09/03 08:09:35      DHCPC	 adapter index 12
2026/09/03 08:09:35      DHCPC	 DHCPDISCOVER on br0 to 255.255.255.255 port 67 interval 4
2026/09/03 08:09:35      DHCPC	 adapter index 12
2026/09/03 08:09:36      DHCPC	 DHCPOFFER from br0:192.168.0.1
2026/09/03 08:09:36      DHCPC	 DHCPREQUEST on br0 to 255.255.255.255 port 67
2026/09/03 08:09:36      DHCPC	 adapter index 12
2026/09/03 08:09:36      DHCPC	 DHCPACK from 192.168.0.1
2026/09/03 08:09:39      DHCPC	 bound to 192.168.0.16 -- renewal in 86397 seconds.
2026/09/03 08:10:21        NTP	 start ntpclient
2026/09/03 08:10:21        NTP	 probe_count=5  hostname=ntp.jst.mfeed.ad.jp   cycle_time=3
2026/09/03 08:10:26        NTP	 ntp.jst.mfeed.ad.jp : Unknown host
2026/09/03 08:11:21      DHCPC	 DHCPRELEASE on br0 to 192.168.0.1 port 67
2026/09/03 08:11:21      DHCPC	 adapter index 2
2026/09/03 08:11:22      DHCPC	 adapter index 12
2026/09/03 08:11:22      DHCPC	 DHCPDISCOVER on br0 to 255.255.255.255 port 67 interval 4
2026/09/03 08:11:22      DHCPC	 adapter index 12
2026/09/03 08:11:22      DHCPC	 DHCPOFFER from br0:192.168.0.1
2026/09/03 08:11:22      DHCPC	 DHCPREQUEST on br0 to 255.255.255.255 port 67
2026/09/03 08:11:22      DHCPC	 adapter index 12
2026/09/03 08:11:22      DHCPC	 DHCPACK from 192.168.0.1
2026/09/03 08:11:35      DHCPC	 bound to 192.168.0.16 -- renewal in 86387 seconds.
2026/09/03 08:11:42        NTP	 start ntpclient
2026/09/03 08:11:42        NTP	 probe_count=5  hostname=ntp.jst.mfeed.ad.jp   cycle_time=3
2026/09/03 08:11:42        NTP	 ntp server address 210.173.160.57
2026/09/03 08:11:42        NTP	 SUCCESS: set time :  Thu Sep  3 08:11:42 2026
2026/09/03 08:11:42        NTP	 exit ntpclient
2026/09/03 08:12:46      DHCPC	 DHCPRELEASE on br0 to 192.168.0.1 port 67
2026/09/03 08:12:48      DHCPC	 adapter index 2
2026/09/03 08:12:49      DHCPC	 adapter index 12
2026/09/03 08:12:49      DHCPC	 DHCPDISCOVER on br0 to 255.255.255.255 port 67 interval 4
2026/09/03 08:12:49      DHCPC	 adapter index 12
2026/09/03 08:12:49      DHCPC	 DHCPOFFER from br0:192.168.0.1
2026/09/03 08:12:49      DHCPC	 DHCPREQUEST on br0 to 255.255.255.255 port 67
2026/09/03 08:12:49      DHCPC	 adapter index 12
2026/09/03 08:12:49      DHCPC	 DHCPACK from 192.168.0.1
2026/09/03 08:13:26      DHCPC	 bound to 192.168.0.16 -- renewal in 86364 seconds.
2026/09/03 08:13:26        NTP	 start ntpclient
2026/09/03 08:13:26        NTP	 probe_count=5  hostname=ntp.jst.mfeed.ad.jp   cycle_time=3
2026/09/03 08:13:31        NTP	 ntp.jst.mfeed.ad.jp : Unknown host
2026/09/03 08:14:42      DHCPC	 DHCPRELEASE on br0 to 192.168.0.1 port 67
2026/09/03 08:14:56      DHCPC	 adapter index 2
2026/09/03 08:14:56      DHCPC	 adapter index 12
2026/09/03 08:14:56      DHCPC	 DHCPDISCOVER on br0 to 255.255.255.255 port 67 interval 4
2026/09/03 08:14:56      DHCPC	 adapter index 12
2026/09/03 08:14:57      DHCPC	 DHCPOFFER from br0:192.168.0.1
2026/09/03 08:14:57      DHCPC	 DHCPREQUEST on br0 to 255.255.255.255 port 67
2026/09/03 08:14:57      DHCPC	 adapter index 12
2026/09/03 08:14:57      DHCPC	 DHCPACK from 192.168.0.1
2026/09/03 08:15:26      DHCPC	 bound to 192.168.0.16 -- renewal in 86372 seconds.
2026/09/03 08:15:26        NTP	 start ntpclient
2026/09/03 08:15:26        NTP	 probe_count=5  hostname=ntp.jst.mfeed.ad.jp   cycle_time=3
2026/09/03 08:15:31        NTP	 ntp.jst.mfeed.ad.jp : Unknown host
2026/09/03 08:16:46      DHCPC	 DHCPRELEASE on br0 to 192.168.0.1 port 67
2026/09/03 08:17:00      DHCPC	 adapter index 2
2026/09/03 08:17:00      DHCPC	 adapter index 12
2026/09/03 08:17:00      DHCPC	 DHCPDISCOVER on br0 to 255.255.255.255 port 67 interval 4
2026/09/03 08:17:00      DHCPC	 adapter index 12
2026/09/03 08:17:00      DHCPC	 DHCPOFFER from br0:192.168.0.1
2026/09/03 08:17:00      DHCPC	 DHCPREQUEST on br0 to 255.255.255.255 port 67
2026/09/03 08:17:00      DHCPC	 adapter index 12
2026/09/03 08:17:00      DHCPC	 DHCPACK from 192.168.0.1
2026/09/03 08:17:25      DHCPC	 bound to 192.168.0.16 -- renewal in 86375 seconds.
2026/09/03 08:17:38        NTP	 start ntpclient
2026/09/03 08:17:38        NTP	 probe_count=5  hostname=ntp.jst.mfeed.ad.jp   cycle_time=3
2026/09/03 08:17:43        NTP	 ntp.jst.mfeed.ad.jp : Unknown host
2026/09/03 08:18:16      DHCPC	 DHCPRELEASE on br0 to 192.168.0.1 port 67
2026/09/03 08:18:40      DHCPC	 adapter index 2
2026/09/03 08:18:40      DHCPC	 adapter index 12
2026/09/03 08:18:40      DHCPC	 DHCPDISCOVER on br0 to 255.255.255.255 port 67 interval 4
2026/09/03 08:18:40      DHCPC	 adapter index 12
2026/09/03 08:18:40      DHCPC	 DHCPDISCOVER on br0 to 255.255.255.255 port 67 interval 8
2026/09/03 08:18:40      DHCPC	 adapter index 12
2026/09/03 08:18:48      DHCPC	 DHCPDISCOVER on br0 to 255.255.255.255 port 67 interval 16
2026/09/03 08:18:48      DHCPC	 adapter index 12
2026/09/03 08:18:48      DHCPC	 DHCPOFFER from br0:192.168.0.1
2026/09/03 08:18:48      DHCPC	 DHCPREQUEST on br0 to 255.255.255.255 port 67
2026/09/03 08:18:48      DHCPC	 adapter index 12
2026/09/03 08:18:48      DHCPC	 DHCPACK from 192.168.0.1
2026/09/03 08:19:16      DHCPC	 bound to 192.168.0.16 -- renewal in 86373 seconds.
2026/09/03 08:19:16        NTP	 start ntpclient
2026/09/03 08:19:16        NTP	 probe_count=5  hostname=ntp.jst.mfeed.ad.jp   cycle_time=3
2026/09/03 08:19:21        NTP	 ntp.jst.mfeed.ad.jp : Unknown host
2026/09/03 08:19:50      DHCPC	 DHCPRELEASE on br0 to 192.168.0.1 port 67
2026/09/03 08:19:50      DHCPC	 adapter index 2
2026/09/03 08:19:50      DHCPC	 adapter index 12
2026/09/03 08:19:50      DHCPC	 DHCPDISCOVER on br0 to 255.255.255.255 port 67 interval 4
2026/09/03 08:19:50      DHCPC	 adapter index 12
2026/09/03 08:19:50      DHCPC	 DHCPOFFER from br0:192.168.0.1
2026/09/03 08:19:50      DHCPC	 DHCPREQUEST on br0 to 255.255.255.255 port 67
2026/09/03 08:19:50      DHCPC	 adapter index 12
2026/09/03 08:19:50      DHCPC	 DHCPACK from 192.168.0.1
2026/09/03 08:20:03      DHCPC	 bound to 192.168.0.16 -- renewal in 86387 seconds.
2026/09/03 08:20:28        NTP	 start ntpclient
2026/09/03 08:20:28        NTP	 probe_count=5  hostname=ntp.jst.mfeed.ad.jp   cycle_time=3
2026/09/03 08:20:28        NTP	 ntp server address 210.173.160.57
2026/09/03 08:20:29        NTP	 SUCCESS: set time :  Thu Sep  3 08:20:29 2026
2026/09/03 08:20:29        NTP	 exit ntpclient
2026/09/03 08:21:55      DHCPC	 DHCPRELEASE on br0 to 192.168.0.1 port 67
2026/09/03 08:21:55      DHCPC	 adapter index 2
2026/09/03 08:21:57      DHCPC	 adapter index 12
2026/09/03 08:21:57      DHCPC	 DHCPDISCOVER on br0 to 255.255.255.255 port 67 interval 4
2026/09/03 08:21:57      DHCPC	 adapter index 12
2026/09/03 08:21:57      DHCPC	 DHCPOFFER from br0:192.168.0.1
2026/09/03 08:21:57      DHCPC	 DHCPREQUEST on br0 to 255.255.255.255 port 67
2026/09/03 08:21:57      DHCPC	 adapter index 12
2026/09/03 08:21:57      DHCPC	 DHCPACK from 192.168.0.1
2026/09/03 08:22:00      DHCPC	 bound to 192.168.0.16 -- renewal in 86397 seconds.
2026/09/03 08:22:38        NTP	 start ntpclient
2026/09/03 08:22:38        NTP	 probe_count=5  hostname=ntp.jst.mfeed.ad.jp   cycle_time=3
2026/09/03 08:22:38        NTP	 ntp server address 210.173.160.87
2026/09/03 08:22:38        NTP	 SUCCESS: set time :  Thu Sep  3 08:22:38 2026
2026/09/03 08:22:38        NTP	 exit ntpclient
2026/09/03 08:23:39      DHCPC	 DHCPRELEASE on br0 to 192.168.0.1 port 67
2026/09/03 08:23:39      DHCPC	 adapter index 2
2026/09/03 08:23:39      DHCPC	 adapter index 12
2026/09/03 08:23:39      DHCPC	 DHCPDISCOVER on br0 to 255.255.255.255 port 67 interval 4
2026/09/03 08:23:39      DHCPC	 adapter index 12
2026/09/03 08:23:40      DHCPC	 DHCPOFFER from br0:192.168.0.1
2026/09/03 08:23:40      DHCPC	 DHCPREQUEST on br0 to 255.255.255.255 port 67
2026/09/03 08:23:40      DHCPC	 adapter index 12
2026/09/03 08:23:40      DHCPC	 DHCPACK from 192.168.0.1
2026/09/03 08:23:53      DHCPC	 bound to 192.168.0.16 -- renewal in 86387 seconds.
2026/09/03 08:24:19        NTP	 start ntpclient
2026/09/03 08:24:19        NTP	 probe_count=5  hostname=ntp.jst.mfeed.ad.jp   cycle_time=3
2026/09/03 08:24:24        NTP	 ntp.jst.mfeed.ad.jp : Unknown host
2026/09/03 08:24:33      DHCPC	 DHCPRELEASE on br0 to 192.168.0.1 port 67
2026/09/03 08:24:58      DHCPC	 adapter index 2
2026/09/03 08:24:59      DHCPC	 adapter index 12
2026/09/03 08:24:59      DHCPC	 DHCPDISCOVER on br0 to 255.255.255.255 port 67 interval 4
2026/09/03 08:24:59      DHCPC	 adapter index 12
2026/09/03 08:24:59      DHCPC	 DHCPOFFER from br0:192.168.0.1
2026/09/03 08:24:59      DHCPC	 DHCPREQUEST on br0 to 255.255.255.255 port 67
2026/09/03 08:24:59      DHCPC	 adapter index 12
2026/09/03 08:24:59      DHCPC	 DHCPACK from 192.168.0.1
2026/09/03 08:25:12      DHCPC	 bound to 192.168.0.16 -- renewal in 86387 seconds.
2026/09/03 08:25:40        NTP	 start ntpclient
2026/09/03 08:25:40        NTP	 probe_count=5  hostname=ntp.jst.mfeed.ad.jp   cycle_time=3
2026/09/03 08:25:45        NTP	 ntp.jst.mfeed.ad.jp : Unknown host
2026/09/03 08:29:05      DHCPC	 DHCPRELEASE on br0 to 192.168.0.1 port 67
2026/09/03 08:29:05      DHCPC	 adapter index 2
2026/09/03 08:29:09      DHCPC	 adapter index 12
2026/09/03 08:29:09      DHCPC	 DHCPDISCOVER on br0 to 255.255.255.255 port 67 interval 4
2026/09/03 08:29:09      DHCPC	 adapter index 12
2026/09/03 08:29:09      DHCPC	 DHCPOFFER from br0:192.168.0.1
2026/09/03 08:29:09      DHCPC	 DHCPREQUEST on br0 to 255.255.255.255 port 67
2026/09/03 08:29:09      DHCPC	 adapter index 12
2026/09/03 08:29:09      DHCPC	 DHCPACK from 192.168.0.1
2026/09/03 08:29:23      DHCPC	 bound to 192.168.0.16 -- renewal in 86386 seconds.
2026/09/03 08:29:31        NTP	 start ntpclient
2026/09/03 08:29:31        NTP	 probe_count=5  hostname=ntp.jst.mfeed.ad.jp   cycle_time=3
2026/09/03 08:29:31        NTP	 ntp server address 210.173.160.27
2026/09/03 08:29:32        NTP	 SUCCESS: set time :  Thu Sep  3 08:29:32 2026
2026/09/03 08:29:32        NTP	 exit ntpclient
2026/09/03 08:36:14      DHCPC	 DHCPRELEASE on br0 to 192.168.0.1 port 67
2026/09/03 08:36:41      DHCPC	 adapter index 2
2026/09/03 08:36:41      DHCPC	 adapter index 12
2026/09/03 08:36:41      DHCPC	 DHCPDISCOVER on br0 to 255.255.255.255 port 67 interval 4
2026/09/03 08:36:41      DHCPC	 adapter index 12
2026/09/03 08:36:42      DHCPC	 DHCPOFFER from br0:192.168.0.1
2026/09/03 08:36:42      DHCPC	 DHCPREQUEST on br0 to 255.255.255.255 port 67
2026/09/03 08:36:42      DHCPC	 adapter index 12
2026/09/03 08:36:42      DHCPC	 DHCPACK from 192.168.0.1
2026/09/03 08:37:05      DHCPC	 bound to 192.168.0.16 -- renewal in 86378 seconds.
2026/09/03 08:37:15        NTP	 start ntpclient
2026/09/03 08:37:15        NTP	 probe_count=5  hostname=ntp.jst.mfeed.ad.jp   cycle_time=3
2026/09/03 08:37:20        NTP	 ntp.jst.mfeed.ad.jp : Unknown host
2026/09/03 08:37:51      DHCPC	 DHCPRELEASE on br0 to 192.168.0.1 port 67
2026/09/03 08:38:14      DHCPC	 adapter index 2
2026/09/03 08:38:14      DHCPC	 adapter index 12
2026/09/03 08:38:14      DHCPC	 DHCPDISCOVER on br0 to 255.255.255.255 port 67 interval 4
2026/09/03 08:38:14      DHCPC	 adapter index 12
2026/09/03 08:38:14      DHCPC	 DHCPOFFER from br0:192.168.0.1
2026/09/03 08:38:14      DHCPC	 DHCPREQUEST on br0 to 255.255.255.255 port 67
2026/09/03 08:38:14      DHCPC	 adapter index 12
2026/09/03 08:38:14      DHCPC	 DHCPACK from 192.168.0.1
2026/09/03 08:38:28      DHCPC	 bound to 192.168.0.16 -- renewal in 86387 seconds.
2026/09/03 08:38:28        NTP	 start ntpclient
2026/09/03 08:38:28        NTP	 probe_count=5  hostname=ntp.jst.mfeed.ad.jp   cycle_time=3
2026/09/03 08:38:28        NTP	 ntp server address 210.173.160.57
2026/09/03 08:38:29        NTP	 SUCCESS: set time :  Thu Sep  3 08:38:29 2026
2026/09/03 08:38:29        NTP	 exit ntpclient
2026/09/03 08:39:41      DHCPC	 DHCPRELEASE on br0 to 192.168.0.1 port 67
2026/09/03 08:40:06      DHCPC	 adapter index 2
2026/09/03 08:40:06      DHCPC	 adapter index 12
2026/09/03 08:40:06      DHCPC	 DHCPDISCOVER on br0 to 255.255.255.255 port 67 interval 4
2026/09/03 08:40:06      DHCPC	 adapter index 12
2026/09/03 08:40:07      DHCPC	 DHCPOFFER from br0:192.168.0.1
2026/09/03 08:40:07      DHCPC	 DHCPREQUEST on br0 to 255.255.255.255 port 67
2026/09/03 08:40:07      DHCPC	 adapter index 12
2026/09/03 08:40:07      DHCPC	 DHCPACK from 192.168.0.1
2026/09/03 08:40:22      DHCPC	 bound to 192.168.0.16 -- renewal in 86385 seconds.
2026/09/03 08:40:47        NTP	 start ntpclient
2026/09/03 08:40:47        NTP	 probe_count=5  hostname=ntp.jst.mfeed.ad.jp   cycle_time=3
2026/09/03 08:40:47        NTP	 ntp server address 210.173.160.57
2026/09/03 08:40:47        NTP	 SUCCESS: set time :  Thu Sep  3 08:40:47 2026
2026/09/03 08:40:47        NTP	 exit ntpclient
2026/09/03 08:40:47      DHCPC	 DHCPRELEASE on br0 to 192.168.0.1 port 67
2026/09/03 08:40:47      DHCPC	 adapter index 2
2026/09/03 08:40:48      DHCPC	 adapter index 12
2026/09/03 08:40:48      DHCPC	 DHCPDISCOVER on br0 to 255.255.255.255 port 67 interval 4
2026/09/03 08:40:48      DHCPC	 adapter index 12
2026/09/03 08:40:48      DHCPC	 DHCPOFFER from br0:192.168.0.1
2026/09/03 08:40:48      DHCPC	 DHCPREQUEST on br0 to 255.255.255.255 port 67
2026/09/03 08:40:48      DHCPC	 adapter index 12
2026/09/03 08:40:48      DHCPC	 DHCPACK from 192.168.0.1
2026/09/03 08:41:00      DHCPC	 bound to 192.168.0.16 -- renewal in 86389 seconds.
2026/09/03 08:41:30        NTP	 start ntpclient
2026/09/03 08:41:30        NTP	 probe_count=5  hostname=ntp.jst.mfeed.ad.jp   cycle_time=3
2026/09/03 08:41:30        NTP	 ntp server address 210.173.160.57
2026/09/03 08:41:30        NTP	 SUCCESS: set time :  Thu Sep  3 08:41:30 2026
2026/09/03 08:41:30        NTP	 exit ntpclient
2026/09/03 08:42:51      DHCPC	 DHCPRELEASE on br0 to 192.168.0.1 port 67
2026/09/03 08:43:05      DHCPC	 adapter index 2
2026/09/03 08:43:05      DHCPC	 adapter index 12
2026/09/03 08:43:05      DHCPC	 DHCPDISCOVER on br0 to 255.255.255.255 port 67 interval 4
2026/09/03 08:43:05      DHCPC	 adapter index 12
2026/09/03 08:43:05      DHCPC	 DHCPOFFER from br0:192.168.0.1
2026/09/03 08:43:05      DHCPC	 DHCPREQUEST on br0 to 255.255.255.255 port 67
2026/09/03 08:43:05      DHCPC	 adapter index 12
2026/09/03 08:43:05      DHCPC	 DHCPACK from 192.168.0.1
2026/09/03 08:43:08      DHCPC	 bound to 192.168.0.16 -- renewal in 86397 seconds.
2026/09/03 08:43:36        NTP	 start ntpclient
2026/09/03 08:43:36        NTP	 probe_count=5  hostname=ntp.jst.mfeed.ad.jp   cycle_time=3
2026/09/03 08:43:41        NTP	 ntp.jst.mfeed.ad.jp : Unknown host
2026/09/03 08:45:04      DHCPC	 DHCPRELEASE on br0 to 192.168.0.1 port 67
2026/09/03 08:45:04      DHCPC	 adapter index 2
2026/09/03 08:45:06      DHCPC	 adapter index 12
2026/09/03 08:45:06      DHCPC	 DHCPDISCOVER on br0 to 255.255.255.255 port 67 interval 4
2026/09/03 08:45:06      DHCPC	 adapter index 12
2026/09/03 08:45:06      DHCPC	 DHCPOFFER from br0:192.168.0.1
2026/09/03 08:45:06      DHCPC	 DHCPREQUEST on br0 to 255.255.255.255 port 67
2026/09/03 08:45:06      DHCPC	 adapter index 12
2026/09/03 08:45:06      DHCPC	 DHCPACK from 192.168.0.1
2026/09/03 08:45:16      DHCPC	 bound to 192.168.0.16 -- renewal in 86390 seconds.
2026/09/03 08:45:42        NTP	 start ntpclient
2026/09/03 08:45:42        NTP	 probe_count=5  hostname=ntp.jst.mfeed.ad.jp   cycle_time=3
2026/09/03 08:45:42        NTP	 ntp server address 210.173.160.57
2026/09/03 08:45:42        NTP	 SUCCESS: set time :  Thu Sep  3 08:45:42 2026
2026/09/03 08:45:42        NTP	 exit ntpclient
2026/09/03 08:47:14      DHCPC	 DHCPRELEASE on br0 to 192.168.0.1 port 67
2026/09/03 08:47:14      DHCPC	 adapter index 2
2026/09/03 08:47:14      DHCPC	 adapter index 12
2026/09/03 08:47:14      DHCPC	 DHCPDISCOVER on br0 to 255.255.255.255 port 67 interval 4
2026/09/03 08:47:14      DHCPC	 adapter index 12
2026/09/03 08:47:15      DHCPC	 DHCPOFFER from br0:192.168.0.1
2026/09/03 08:47:15      DHCPC	 DHCPREQUEST on br0 to 255.255.255.255 port 67
2026/09/03 08:47:15      DHCPC	 adapter index 12
2026/09/03 08:47:15      DHCPC	 DHCPACK from 192.168.0.1
2026/09/03 08:47:18      DHCPC	 bound to 192.168.0.16 -- renewal in 86398 seconds.
2026/09/03 08:47:46        NTP	 start ntpclient
2026/09/03 08:47:46        NTP	 probe_count=5  hostname=ntp.jst.mfeed.ad.jp   cycle_time=3
2026/09/03 08:47:46        NTP	 ntp server address 210.173.160.57
2026/09/03 08:47:46        NTP	 SUCCESS: set time :  Thu Sep  3 08:47:46 2026
2026/09/03 08:47:46        NTP	 exit ntpclient
2026/09/03 08:49:50      DHCPC	 DHCPRELEASE on br0 to 192.168.0.1 port 67
2026/09/03 08:50:04      DHCPC	 adapter index 2
2026/09/03 08:50:04      DHCPC	 adapter index 12
2026/09/03 08:50:04      DHCPC	 DHCPDISCOVER on br0 to 255.255.255.255 port 67 interval 4
2026/09/03 08:50:04      DHCPC	 adapter index 12
2026/09/03 08:50:04      DHCPC	 DHCPOFFER from br0:192.168.0.1
2026/09/03 08:50:04      DHCPC	 DHCPREQUEST on br0 to 255.255.255.255 port 67
2026/09/03 08:50:04      DHCPC	 adapter index 12
2026/09/03 08:50:04      DHCPC	 DHCPACK from 192.168.0.1
2026/09/03 08:50:33      DHCPC	 bound to 192.168.0.16 -- renewal in 86372 seconds.
2026/09/03 08:50:47        NTP	 start ntpclient
2026/09/03 08:50:47        NTP	 probe_count=5  hostname=ntp.jst.mfeed.ad.jp   cycle_time=3
2026/09/03 08:50:52        NTP	 ntp.jst.mfeed.ad.jp : Unknown host
2026/09/03 08:56:48      DHCPC	 DHCPRELEASE on br0 to 192.168.0.1 port 67
2026/09/03 08:57:02      DHCPC	 adapter index 2
2026/09/03 08:57:02      DHCPC	 adapter index 12
2026/09/03 08:57:02      DHCPC	 DHCPDISCOVER on br0 to 255.255.255.255 port 67 interval 4
2026/09/03 08:57:02      DHCPC	 adapter index 12
2026/09/03 08:57:02      DHCPC	 DHCPOFFER from br0:192.168.0.1
2026/09/03 08:57:02      DHCPC	 DHCPREQUEST on br0 to 255.255.255.255 port 67
2026/09/03 08:57:02      DHCPC	 adapter index 12
2026/09/03 08:57:02      DHCPC	 DHCPACK from 192.168.0.1
2026/09/03 08:57:05      DHCPC	 bound to 192.168.0.16 -- renewal in 86398 seconds.
2026/09/03 08:57:43        NTP	 start ntpclient
2026/09/03 08:57:43        NTP	 probe_count=5  hostname=ntp.jst.mfeed.ad.jp   cycle_time=3
2026/09/03 08:57:43        NTP	 ntp server address 210.173.160.57
2026/09/03 08:57:43        NTP	 SUCCESS: set time :  Thu Sep  3 08:57:43 2026
2026/09/03 08:57:43        NTP	 exit ntpclient
2026/09/03 08:59:36      DHCPC	 DHCPRELEASE on br0 to 192.168.0.1 port 67
2026/09/03 08:59:36      DHCPC	 adapter index 2
2026/09/03 08:59:38      DHCPC	 adapter index 12
2026/09/03 08:59:38      DHCPC	 DHCPDISCOVER on br0 to 255.255.255.255 port 67 interval 4
2026/09/03 08:59:38      DHCPC	 adapter index 12
2026/09/03 08:59:38      DHCPC	 DHCPOFFER from br0:192.168.0.1
2026/09/03 08:59:38      DHCPC	 DHCPREQUEST on br0 to 255.255.255.255 port 67
2026/09/03 08:59:38      DHCPC	 adapter index 12
2026/09/03 08:59:38      DHCPC	 DHCPACK from 192.168.0.1
2026/09/03 09:00:02      DHCPC	 bound to 192.168.0.16 -- renewal in 86376 seconds.
2026/09/03 09:00:16        NTP	 start ntpclient
2026/09/03 09:00:16        NTP	 probe_count=5  hostname=ntp.jst.mfeed.ad.jp   cycle_time=3
2026/09/03 09:00:21        NTP	 ntp.jst.mfeed.ad.jp : Unknown host
2026/09/03 09:00:41      DHCPC	 DHCPRELEASE on br0 to 192.168.0.1 port 67
2026/09/03 09:00:55      DHCPC	 adapter index 2
2026/09/03 09:00:55      DHCPC	 adapter index 12
2026/09/03 09:00:55      DHCPC	 DHCPDISCOVER on br0 to 255.255.255.255 port 67 interval 4
2026/09/03 09:00:55      DHCPC	 adapter index 12
2026/09/03 09:00:56      DHCPC	 DHCPOFFER from br0:192.168.0.1
2026/09/03 09:00:56      DHCPC	 DHCPREQUEST on br0 to 255.255.255.255 port 67
2026/09/03 09:00:56      DHCPC	 adapter index 12
2026/09/03 09:00:56      DHCPC	 DHCPACK from 192.168.0.1
2026/09/03 09:01:34      DHCPC	 bound to 192.168.0.16 -- renewal in 86362 seconds.
2026/09/03 09:01:35        NTP	 start ntpclient
2026/09/03 09:01:35        NTP	 probe_count=5  hostname=ntp.jst.mfeed.ad.jp   cycle_time=3
2026/09/03 09:01:40        NTP	 ntp.jst.mfeed.ad.jp : Unknown host
2026/09/03 09:02:41      DHCPC	 DHCPRELEASE on br0 to 192.168.0.1 port 67
2026/09/03 09:02:55      DHCPC	 adapter index 2
2026/09/03 09:02:55      DHCPC	 adapter index 12
2026/09/03 09:02:55      DHCPC	 DHCPDISCOVER on br0 to 255.255.255.255 port 67 interval 4
2026/09/03 09:02:55      DHCPC	 adapter index 12
2026/09/03 09:02:55      DHCPC	 DHCPDISCOVER on br0 to 255.255.255.255 port 67 interval 8
2026/09/03 09:02:55      DHCPC	 adapter index 12
2026/09/03 09:03:03      DHCPC	 DHCPDISCOVER on br0 to 255.255.255.255 port 67 interval 16
2026/09/03 09:03:03      DHCPC	 adapter index 12
2026/09/03 09:03:03      DHCPC	 DHCPOFFER from br0:192.168.0.1
2026/09/03 09:03:03      DHCPC	 DHCPREQUEST on br0 to 255.255.255.255 port 67
2026/09/03 09:03:03      DHCPC	 adapter index 12
2026/09/03 09:03:03      DHCPC	 DHCPACK from 192.168.0.1
2026/09/03 09:03:26      DHCPC	 bound to 192.168.0.16 -- renewal in 86377 seconds.
2026/09/03 09:03:37        NTP	 start ntpclient
2026/09/03 09:03:37        NTP	 probe_count=5  hostname=ntp.jst.mfeed.ad.jp   cycle_time=3
2026/09/03 09:03:37        NTP	 ntp server address 210.173.160.57
2026/09/03 09:03:38        NTP	 SUCCESS: set time :  Thu Sep  3 09:03:38 2026
2026/09/03 09:03:38        NTP	 exit ntpclient
2026/09/03 09:04:18      DHCPC	 DHCPRELEASE on br0 to 192.168.0.1 port 67
2026/09/03 09:04:20      DHCPC	 adapter index 2
2026/09/03 09:04:23      DHCPC	 adapter index 12
2026/09/03 09:04:23      DHCPC	 DHCPDISCOVER on br0 to 255.255.255.255 port 67 interval 4
2026/09/03 09:04:23      DHCPC	 adapter index 12
2026/09/03 09:04:23      DHCPC	 DHCPOFFER from br0:192.168.0.1
2026/09/03 09:04:23      DHCPC	 DHCPREQUEST on br0 to 255.255.255.255 port 67
2026/09/03 09:04:23      DHCPC	 adapter index 12
2026/09/03 09:04:23      DHCPC	 DHCPACK from 192.168.0.1
2026/09/03 09:04:54      DHCPC	 bound to 192.168.0.16 -- renewal in 86370 seconds.
2026/09/03 09:05:08        NTP	 start ntpclient
2026/09/03 09:05:08        NTP	 probe_count=5  hostname=ntp.jst.mfeed.ad.jp   cycle_time=3
2026/09/03 09:05:08        NTP	 ntp server address 210.173.160.27
2026/09/03 09:05:08        NTP	 SUCCESS: set time :  Thu Sep  3 09:05:08 2026
2026/09/03 09:05:08        NTP	 exit ntpclient
2026/09/03 09:07:01      DHCPC	 DHCPRELEASE on br0 to 192.168.0.1 port 67
2026/09/03 09:07:16      DHCPC	 adapter index 2
2026/09/03 09:07:18      DHCPC	 adapter index 12
2026/09/03 09:07:18      DHCPC	 DHCPDISCOVER on br0 to 255.255.255.255 port 67 interval 4
2026/09/03 09:07:18      DHCPC	 adapter index 12
2026/09/03 09:07:18      DHCPC	 DHCPOFFER from br0:192.168.0.1
2026/09/03 09:07:18      DHCPC	 DHCPREQUEST on br0 to 255.255.255.255 port 67
2026/09/03 09:07:18      DHCPC	 adapter index 12
2026/09/03 09:07:18      DHCPC	 DHCPACK from 192.168.0.1
2026/09/03 09:07:38      DHCPC	 bound to 192.168.0.16 -- renewal in 86381 seconds.
2026/09/03 09:07:52        NTP	 start ntpclient
2026/09/03 09:07:52        NTP	 probe_count=5  hostname=ntp.jst.mfeed.ad.jp   cycle_time=3
2026/09/03 09:07:52        NTP	 ntp server address 210.173.160.57
2026/09/03 09:07:53        NTP	 SUCCESS: set time :  Thu Sep  3 09:07:53 2026
2026/09/03 09:07:53        NTP	 exit ntpclient
2026/09/03 09:08:30      DHCPC	 DHCPRELEASE on br0 to 192.168.0.1 port 67
2026/09/03 09:08:30      DHCPC	 adapter index 2
2026/09/03 09:08:32      DHCPC	 adapter index 12
2026/09/03 09:08:32      DHCPC	 DHCPDISCOVER on br0 to 255.255.255.255 port 67 interval 4
2026/09/03 09:08:32      DHCPC	 adapter index 12
2026/09/03 09:08:32      DHCPC	 DHCPOFFER from br0:192.168.0.1
2026/09/03 09:08:32      DHCPC	 DHCPREQUEST on br0 to 255.255.255.255 port 67
2026/09/03 09:08:32      DHCPC	 adapter index 12
2026/09/03 09:08:32      DHCPC	 DHCPACK from 192.168.0.1
2026/09/03 09:08:36      DHCPC	 bound to 192.168.0.16 -- renewal in 86396 seconds.
2026/09/03 09:09:02        NTP	 start ntpclient
2026/09/03 09:09:02        NTP	 probe_count=5  hostname=ntp.jst.mfeed.ad.jp   cycle_time=3
2026/09/03 09:09:02        NTP	 ntp server address 210.173.160.87
2026/09/03 09:09:02        NTP	 SUCCESS: set time :  Thu Sep  3 09:09:02 2026
2026/09/03 09:09:02        NTP	 exit ntpclient
2026/09/03 09:10:20      DHCPC	 DHCPRELEASE on br0 to 192.168.0.1 port 67
2026/09/03 09:10:36      DHCPC	 adapter index 2
2026/09/03 09:10:36      DHCPC	 adapter index 12
2026/09/03 09:10:36      DHCPC	 DHCPDISCOVER on br0 to 255.255.255.255 port 67 interval 4
2026/09/03 09:10:36      DHCPC	 adapter index 12
2026/09/03 09:10:37      DHCPC	 DHCPOFFER from br0:192.168.0.1
2026/09/03 09:10:37      DHCPC	 DHCPREQUEST on br0 to 255.255.255.255 port 67
2026/09/03 09:10:37      DHCPC	 adapter index 12
2026/09/03 09:10:37      DHCPC	 DHCPACK from 192.168.0.1
2026/09/03 09:10:40      DHCPC	 bound to 192.168.0.16 -- renewal in 86397 seconds.
2026/09/03 09:10:44        NTP	 start ntpclient
2026/09/03 09:10:44        NTP	 probe_count=5  hostname=ntp.jst.mfeed.ad.jp   cycle_time=3
2026/09/03 09:10:44        NTP	 ntp server address 210.173.160.87
2026/09/03 09:10:45        NTP	 SUCCESS: set time :  Thu Sep  3 09:10:45 2026
2026/09/03 09:10:45        NTP	 exit ntpclient
2026/09/03 09:11:57      DHCPC	 DHCPRELEASE on br0 to 192.168.0.1 port 67
2026/09/03 09:11:57      DHCPC	 adapter index 2
2026/09/03 09:11:58      DHCPC	 adapter index 12
2026/09/03 09:11:58      DHCPC	 DHCPDISCOVER on br0 to 255.255.255.255 port 67 interval 4
2026/09/03 09:11:58      DHCPC	 adapter index 12
2026/09/03 09:11:58      DHCPC	 DHCPOFFER from br0:192.168.0.1
2026/09/03 09:11:58      DHCPC	 DHCPREQUEST on br0 to 255.255.255.255 port 67
2026/09/03 09:11:58      DHCPC	 adapter index 12
2026/09/03 09:11:58      DHCPC	 DHCPACK from 192.168.0.1
2026/09/03 09:12:23      DHCPC	 bound to 192.168.0.16 -- renewal in 86375 seconds.
2026/09/03 09:12:35        NTP	 start ntpclient
2026/09/03 09:12:35        NTP	 probe_count=5  hostname=ntp.jst.mfeed.ad.jp   cycle_time=3
2026/09/03 09:12:35        NTP	 ntp server address 210.173.160.27
2026/09/03 09:12:35        NTP	 SUCCESS: set time :  Thu Sep  3 09:12:35 2026
2026/09/03 09:12:35        NTP	 exit ntpclient
2026/09/03 09:13:42      DHCPC	 DHCPRELEASE on br0 to 192.168.0.1 port 67
2026/09/03 09:14:04      DHCPC	 adapter index 2
2026/09/03 09:14:04      DHCPC	 adapter index 12
2026/09/03 09:14:04      DHCPC	 DHCPDISCOVER on br0 to 255.255.255.255 port 67 interval 4
2026/09/03 09:14:04      DHCPC	 adapter index 12
2026/09/03 09:14:05      DHCPC	 DHCPOFFER from br0:192.168.0.1
2026/09/03 09:14:05      DHCPC	 DHCPREQUEST on br0 to 255.255.255.255 port 67
2026/09/03 09:14:05      DHCPC	 adapter index 12
2026/09/03 09:14:05      DHCPC	 DHCPACK from 192.168.0.1
2026/09/03 09:14:22      DHCPC	 bound to 192.168.0.16 -- renewal in 86384 seconds.
2026/09/03 09:14:46        NTP	 start ntpclient
2026/09/03 09:14:46        NTP	 probe_count=5  hostname=ntp.jst.mfeed.ad.jp   cycle_time=3
2026/09/03 09:14:46        NTP	 ntp server address 210.173.160.57
2026/09/03 09:14:46        NTP	 SUCCESS: set time :  Thu Sep  3 09:14:46 2026
2026/09/03 09:14:46        NTP	 exit ntpclient
2026/09/03 09:15:01      DHCPC	 DHCPRELEASE on br0 to 192.168.0.1 port 67
2026/09/03 09:15:26      DHCPC	 adapter index 2
2026/09/03 09:15:26      DHCPC	 adapter index 12
2026/09/03 09:15:26      DHCPC	 DHCPDISCOVER on br0 to 255.255.255.255 port 67 interval 4
2026/09/03 09:15:26      DHCPC	 adapter index 12
2026/09/03 09:15:27      DHCPC	 DHCPOFFER from br0:192.168.0.1
2026/09/03 09:15:27      DHCPC	 DHCPREQUEST on br0 to 255.255.255.255 port 67
2026/09/03 09:15:27      DHCPC	 adapter index 12
2026/09/03 09:15:27      DHCPC	 DHCPACK from 192.168.0.1
2026/09/03 09:16:04      DHCPC	 bound to 192.168.0.16 -- renewal in 86364 seconds.
2026/09/03 09:16:04        NTP	 start ntpclient
2026/09/03 09:16:04        NTP	 probe_count=5  hostname=ntp.jst.mfeed.ad.jp   cycle_time=3
2026/09/03 09:16:05        NTP	 ntp server address 210.173.160.87
2026/09/03 09:16:05        NTP	 SUCCESS: set time :  Thu Sep  3 09:16:05 2026
2026/09/03 09:16:05        NTP	 exit ntpclient
2026/09/03 09:18:19      DHCPC	 DHCPRELEASE on br0 to 192.168.0.1 port 67
2026/09/03 09:18:19      DHCPC	 adapter index 2
2026/09/03 09:18:20      DHCPC	 adapter index 12
2026/09/03 09:18:20      DHCPC	 DHCPDISCOVER on br0 to 255.255.255.255 port 67 interval 4
2026/09/03 09:18:20      DHCPC	 adapter index 12
2026/09/03 09:18:20      DHCPC	 DHCPOFFER from br0:192.168.0.1
2026/09/03 09:18:20      DHCPC	 DHCPREQUEST on br0 to 255.255.255.255 port 67
2026/09/03 09:18:20      DHCPC	 adapter index 12
2026/09/03 09:18:20      DHCPC	 DHCPACK from 192.168.0.1
2026/09/03 09:18:27      DHCPC	 bound to 192.168.0.16 -- renewal in 86394 seconds.
2026/09/03 09:18:41        NTP	 start ntpclient
2026/09/03 09:18:41        NTP	 probe_count=5  hostname=ntp.jst.mfeed.ad.jp   cycle_time=3
2026/09/03 09:18:41        NTP	 ntp server address 210.173.160.57
2026/09/03 09:18:41        NTP	 SUCCESS: set time :  Thu Sep  3 09:18:41 2026
2026/09/03 09:18:41        NTP	 exit ntpclient
2026/09/03 09:19:44      DHCPC	 DHCPRELEASE on br0 to 192.168.0.1 port 67
2026/09/03 09:19:44      DHCPC	 adapter index 2
2026/09/03 09:19:44      DHCPC	 adapter index 12
2026/09/03 09:19:44      DHCPC	 DHCPDISCOVER on br0 to 255.255.255.255 port 67 interval 4
2026/09/03 09:19:44      DHCPC	 adapter index 12
2026/09/03 09:19:44      DHCPC	 DHCPOFFER from br0:192.168.0.1
2026/09/03 09:19:44      DHCPC	 DHCPREQUEST on br0 to 255.255.255.255 port 67
2026/09/03 09:19:44      DHCPC	 adapter index 12
2026/09/03 09:19:44      DHCPC	 DHCPACK from 192.168.0.1
2026/09/03 09:20:08      DHCPC	 bound to 192.168.0.16 -- renewal in 86377 seconds.
2026/09/03 09:20:10        NTP	 start ntpclient
2026/09/03 09:20:10        NTP	 probe_count=5  hostname=ntp.jst.mfeed.ad.jp   cycle_time=3
2026/09/03 09:20:15        NTP	 ntp.jst.mfeed.ad.jp : Unknown host
2026/09/03 09:20:32      DHCPC	 DHCPRELEASE on br0 to 192.168.0.1 port 67
2026/09/03 09:20:32      DHCPC	 adapter index 2
2026/09/03 09:20:32      DHCPC	 adapter index 12
2026/09/03 09:20:32      DHCPC	 DHCPDISCOVER on br0 to 255.255.255.255 port 67 interval 4
2026/09/03 09:20:32      DHCPC	 adapter index 12
2026/09/03 09:20:32      DHCPC	 DHCPOFFER from br0:192.168.0.1
2026/09/03 09:20:32      DHCPC	 DHCPREQUEST on br0 to 255.255.255.255 port 67
2026/09/03 09:20:32      DHCPC	 adapter index 12
2026/09/03 09:20:32      DHCPC	 DHCPACK from 192.168.0.1
2026/09/03 09:20:43      DHCPC	 bound to 192.168.0.16 -- renewal in 86389 seconds.
2026/09/03 09:21:02        NTP	 start ntpclient
2026/09/03 09:21:02        NTP	 probe_count=5  hostname=ntp.jst.mfeed.ad.jp   cycle_time=3
2026/09/03 09:21:02        NTP	 ntp server address 210.173.160.27
2026/09/03 09:21:02        NTP	 SUCCESS: set time :  Thu Sep  3 09:21:02 2026
2026/09/03 09:21:02        NTP	 exit ntpclient
2026/09/03 09:41:18      DHCPC	 DHCPRELEASE on br0 to 192.168.0.1 port 67
2026/09/03 09:41:20      DHCPC	 adapter index 2
2026/09/03 09:41:20      DHCPC	 adapter index 12
2026/09/03 09:41:20      DHCPC	 DHCPDISCOVER on br0 to 255.255.255.255 port 67 interval 4
2026/09/03 09:41:20      DHCPC	 adapter index 12
2026/09/03 09:41:20      DHCPC	 DHCPOFFER from br0:192.168.0.1
2026/09/03 09:41:20      DHCPC	 DHCPREQUEST on br0 to 255.255.255.255 port 67
2026/09/03 09:41:20      DHCPC	 adapter index 12
2026/09/03 09:41:21      DHCPC	 DHCPACK from 192.168.0.1
2026/09/03 09:41:24      DHCPC	 bound to 192.168.0.16 -- renewal in 86397 seconds.
2026/09/03 09:41:58        NTP	 start ntpclient
2026/09/03 09:41:58        NTP	 probe_count=5  hostname=ntp.jst.mfeed.ad.jp   cycle_time=3
2026/09/03 09:41:58        NTP	 ntp server address 210.173.160.27
2026/09/03 09:41:59        NTP	 SUCCESS: set time :  Thu Sep  3 09:41:59 2026
2026/09/03 09:41:59        NTP	 exit ntpclient
2026/09/03 09:44:02      DHCPC	 DHCPRELEASE on br0 to 192.168.0.1 port 67
2026/09/03 09:44:16      DHCPC	 adapter index 2
2026/09/03 09:44:17      DHCPC	 adapter index 12
2026/09/03 09:44:17      DHCPC	 DHCPDISCOVER on br0 to 255.255.255.255 port 67 interval 4
2026/09/03 09:44:17      DHCPC	 adapter index 12
2026/09/03 09:44:17      DHCPC	 DHCPOFFER from br0:192.168.0.1
2026/09/03 09:44:17      DHCPC	 DHCPREQUEST on br0 to 255.255.255.255 port 67
2026/09/03 09:44:17      DHCPC	 adapter index 12
2026/09/03 09:44:17      DHCPC	 DHCPACK from 192.168.0.1
2026/09/03 09:44:38      DHCPC	 bound to 192.168.0.16 -- renewal in 86380 seconds.
2026/09/03 09:44:50        NTP	 start ntpclient
2026/09/03 09:44:50        NTP	 probe_count=5  hostname=ntp.jst.mfeed.ad.jp   cycle_time=3
2026/09/03 09:44:55        NTP	 ntp.jst.mfeed.ad.jp : Unknown host
2026/09/03 09:47:11      DHCPC	 DHCPRELEASE on br0 to 192.168.0.1 port 67
2026/09/03 09:47:34      DHCPC	 adapter index 2
2026/09/03 09:47:36      DHCPC	 adapter index 12
2026/09/03 09:47:36      DHCPC	 DHCPDISCOVER on br0 to 255.255.255.255 port 67 interval 4
2026/09/03 09:47:36      DHCPC	 adapter index 12
2026/09/03 09:47:36      DHCPC	 DHCPOFFER from br0:192.168.0.1
2026/09/03 09:47:36      DHCPC	 DHCPREQUEST on br0 to 255.255.255.255 port 67
2026/09/03 09:47:36      DHCPC	 adapter index 12
2026/09/03 09:47:36      DHCPC	 DHCPACK from 192.168.0.1
2026/09/03 09:47:44      DHCPC	 bound to 192.168.0.16 -- renewal in 86392 seconds.
2026/09/03 09:48:06        NTP	 start ntpclient
2026/09/03 09:48:06        NTP	 probe_count=5  hostname=ntp.jst.mfeed.ad.jp   cycle_time=3
2026/09/03 09:48:07        NTP	 ntp server address 210.173.160.87
2026/09/03 09:48:07        NTP	 SUCCESS: set time :  Thu Sep  3 09:48:07 2026
2026/09/03 09:48:07        NTP	 exit ntpclient
2026/09/03 09:49:58      DHCPC	 DHCPRELEASE on br0 to 192.168.0.1 port 67
2026/09/03 09:50:12      DHCPC	 adapter index 2
2026/09/03 09:50:12      DHCPC	 adapter index 12
2026/09/03 09:50:12      DHCPC	 DHCPDISCOVER on br0 to 255.255.255.255 port 67 interval 4
2026/09/03 09:50:12      DHCPC	 adapter index 12
2026/09/03 09:50:12      DHCPC	 DHCPOFFER from br0:192.168.0.1
2026/09/03 09:50:12      DHCPC	 DHCPREQUEST on br0 to 255.255.255.255 port 67
2026/09/03 09:50:12      DHCPC	 adapter index 12
2026/09/03 09:50:12      DHCPC	 DHCPACK from 192.168.0.1
2026/09/03 09:50:45      DHCPC	 bound to 192.168.0.16 -- renewal in 86367 seconds.
2026/09/03 09:50:48        NTP	 start ntpclient
2026/09/03 09:50:48        NTP	 probe_count=5  hostname=ntp.jst.mfeed.ad.jp   cycle_time=3
2026/09/03 09:50:53        NTP	 ntp.jst.mfeed.ad.jp : Unknown host
2026/09/03 09:51:48      DHCPC	 DHCPRELEASE on br0 to 192.168.0.1 port 67
2026/09/03 09:52:02      DHCPC	 adapter index 2
2026/09/03 09:52:02      DHCPC	 adapter index 12
2026/09/03 09:52:02      DHCPC	 DHCPDISCOVER on br0 to 255.255.255.255 port 67 interval 4
2026/09/03 09:52:02      DHCPC	 adapter index 12
2026/09/03 09:52:02      DHCPC	 DHCPOFFER from br0:192.168.0.1
2026/09/03 09:52:02      DHCPC	 DHCPREQUEST on br0 to 255.255.255.255 port 67
2026/09/03 09:52:02      DHCPC	 adapter index 12
2026/09/03 09:52:02      DHCPC	 DHCPACK from 192.168.0.1
2026/09/03 09:52:39      DHCPC	 bound to 192.168.0.16 -- renewal in 86363 seconds.
2026/09/03 09:53:04        NTP	 start ntpclient
2026/09/03 09:53:04        NTP	 probe_count=5  hostname=ntp.jst.mfeed.ad.jp   cycle_time=3
2026/09/03 09:53:09        NTP	 ntp.jst.mfeed.ad.jp : Unknown host
2026/09/03 09:55:02      DHCPC	 DHCPRELEASE on br0 to 192.168.0.1 port 67
2026/09/03 09:55:02      DHCPC	 adapter index 2
2026/09/03 09:55:05      DHCPC	 adapter index 12
2026/09/03 09:55:05      DHCPC	 DHCPDISCOVER on br0 to 255.255.255.255 port 67 interval 4
2026/09/03 09:55:05      DHCPC	 adapter index 12
2026/09/03 09:55:05      DHCPC	 DHCPOFFER from br0:192.168.0.1
2026/09/03 09:55:05      DHCPC	 DHCPREQUEST on br0 to 255.255.255.255 port 67
2026/09/03 09:55:05      DHCPC	 adapter index 12
2026/09/03 09:55:05      DHCPC	 DHCPACK from 192.168.0.1
2026/09/03 09:55:18      DHCPC	 bound to 192.168.0.16 -- renewal in 86388 seconds.
2026/09/03 09:55:44        NTP	 start ntpclient
2026/09/03 09:55:44        NTP	 probe_count=5  hostname=ntp.jst.mfeed.ad.jp   cycle_time=3
2026/09/03 09:55:49        NTP	 ntp.jst.mfeed.ad.jp : Unknown host
2026/09/03 09:55:57      DHCPC	 DHCPRELEASE on br0 to 192.168.0.1 port 67
2026/09/03 09:55:57      DHCPC	 adapter index 2
2026/09/03 09:56:01      DHCPC	 adapter index 12
2026/09/03 09:56:01      DHCPC	 DHCPDISCOVER on br0 to 255.255.255.255 port 67 interval 4
2026/09/03 09:56:01      DHCPC	 adapter index 12
2026/09/03 09:56:01      DHCPC	 DHCPOFFER from br0:192.168.0.1
2026/09/03 09:56:01      DHCPC	 DHCPREQUEST on br0 to 255.255.255.255 port 67
2026/09/03 09:56:01      DHCPC	 adapter index 12
2026/09/03 09:56:01      DHCPC	 DHCPACK from 192.168.0.1
2026/09/03 09:56:04      DHCPC	 bound to 192.168.0.16 -- renewal in 86398 seconds.
2026/09/03 09:56:31        NTP	 start ntpclient
2026/09/03 09:56:31        NTP	 probe_count=5  hostname=ntp.jst.mfeed.ad.jp   cycle_time=3
2026/09/03 09:56:31        NTP	 ntp server address 210.173.160.87
2026/09/03 09:56:32        NTP	 SUCCESS: set time :  Thu Sep  3 09:56:32 2026
2026/09/03 09:56:32        NTP	 exit ntpclient
2026/09/03 09:58:02      DHCPC	 DHCPRELEASE on br0 to 192.168.0.1 port 67
2026/09/03 09:58:02      DHCPC	 adapter index 2
2026/09/03 09:58:02      DHCPC	 adapter index 12
2026/09/03 09:58:02      DHCPC	 DHCPDISCOVER on br0 to 255.255.255.255 port 67 interval 4
2026/09/03 09:58:02      DHCPC	 adapter index 12
2026/09/03 09:58:03      DHCPC	 DHCPOFFER from br0:192.168.0.1
2026/09/03 09:58:03      DHCPC	 DHCPREQUEST on br0 to 255.255.255.255 port 67
2026/09/03 09:58:03      DHCPC	 adapter index 12
2026/09/03 09:58:03      DHCPC	 DHCPACK from 192.168.0.1
2026/09/03 09:58:17      DHCPC	 bound to 192.168.0.16 -- renewal in 86386 seconds.
2026/09/03 09:58:47        NTP	 start ntpclient
2026/09/03 09:58:47        NTP	 probe_count=5  hostname=ntp.jst.mfeed.ad.jp   cycle_time=3
2026/09/03 09:58:52        NTP	 ntp.jst.mfeed.ad.jp : Unknown host
2026/09/03 09:59:01      DHCPC	 DHCPRELEASE on br0 to 192.168.0.1 port 67
2026/09/03 09:59:01      DHCPC	 adapter index 2
2026/09/03 09:59:05      DHCPC	 adapter index 12
2026/09/03 09:59:05      DHCPC	 DHCPDISCOVER on br0 to 255.255.255.255 port 67 interval 4
2026/09/03 09:59:05      DHCPC	 adapter index 12
2026/09/03 09:59:05      DHCPC	 DHCPOFFER from br0:192.168.0.1
2026/09/03 09:59:05      DHCPC	 DHCPREQUEST on br0 to 255.255.255.255 port 67
2026/09/03 09:59:05      DHCPC	 adapter index 12
2026/09/03 09:59:05      DHCPC	 DHCPACK from 192.168.0.1
2026/09/03 09:59:38      DHCPC	 bound to 192.168.0.16 -- renewal in 86367 seconds.
2026/09/03 09:59:51        NTP	 start ntpclient
2026/09/03 09:59:51        NTP	 probe_count=5  hostname=ntp.jst.mfeed.ad.jp   cycle_time=3
2026/09/03 09:59:56        NTP	 ntp.jst.mfeed.ad.jp : Unknown host
2026/09/03 10:02:30      DHCPC	 DHCPRELEASE on br0 to 192.168.0.1 port 67
2026/09/03 10:03:01      DHCPC	 adapter index 2
2026/09/03 10:03:01      DHCPC	 adapter index 12
2026/09/03 10:03:01      DHCPC	 DHCPDISCOVER on br0 to 255.255.255.255 port 67 interval 4
2026/09/03 10:03:01      DHCPC	 adapter index 12
2026/09/03 10:03:02      DHCPC	 DHCPOFFER from br0:192.168.0.1
2026/09/03 10:03:02      DHCPC	 DHCPREQUEST on br0 to 255.255.255.255 port 67
2026/09/03 10:03:02      DHCPC	 adapter index 12
2026/09/03 10:03:02      DHCPC	 DHCPACK from 192.168.0.1
2026/09/03 10:03:49      DHCPC	 bound to 192.168.0.16 -- renewal in 86354 seconds.
2026/09/03 10:03:50        NTP	 start ntpclient
2026/09/03 10:03:50        NTP	 probe_count=5  hostname=ntp.jst.mfeed.ad.jp   cycle_time=3
2026/09/03 10:03:50        NTP	 ntp server address 210.173.160.57
2026/09/03 10:03:51        NTP	 SUCCESS: set time :  Thu Sep  3 10:03:51 2026
2026/09/03 10:03:51        NTP	 exit ntpclient
2026/09/03 10:06:54      DHCPC	 DHCPRELEASE on br0 to 192.168.0.1 port 67
2026/09/03 10:06:54      DHCPC	 adapter index 2
2026/09/03 10:06:56      DHCPC	 adapter index 12
2026/09/03 10:06:56      DHCPC	 DHCPDISCOVER on br0 to 255.255.255.255 port 67 interval 4
2026/09/03 10:06:56      DHCPC	 adapter index 12
2026/09/03 10:06:56      DHCPC	 DHCPOFFER from br0:192.168.0.1
2026/09/03 10:06:56      DHCPC	 DHCPREQUEST on br0 to 255.255.255.255 port 67
2026/09/03 10:06:56      DHCPC	 adapter index 12
2026/09/03 10:06:56      DHCPC	 DHCPACK from 192.168.0.1
2026/09/03 10:07:08      DHCPC	 bound to 192.168.0.16 -- renewal in 86389 seconds.
2026/09/03 10:07:17        NTP	 start ntpclient
2026/09/03 10:07:17        NTP	 probe_count=5  hostname=ntp.jst.mfeed.ad.jp   cycle_time=3
2026/09/03 10:07:17        NTP	 ntp server address 210.173.160.87
2026/09/03 10:07:18        NTP	 SUCCESS: set time :  Thu Sep  3 10:07:18 2026
2026/09/03 10:07:18        NTP	 exit ntpclient
2026/09/03 10:09:07      DHCPC	 DHCPRELEASE on br0 to 192.168.0.1 port 67
2026/09/03 10:09:22      DHCPC	 adapter index 2
2026/09/03 10:09:22      DHCPC	 adapter index 12
2026/09/03 10:09:22      DHCPC	 DHCPDISCOVER on br0 to 255.255.255.255 port 67 interval 4
2026/09/03 10:09:22      DHCPC	 adapter index 12
2026/09/03 10:09:22      DHCPC	 DHCPOFFER from br0:192.168.0.1
2026/09/03 10:09:22      DHCPC	 DHCPREQUEST on br0 to 255.255.255.255 port 67
2026/09/03 10:09:22      DHCPC	 adapter index 12
2026/09/03 10:09:23      DHCPC	 DHCPACK from 192.168.0.1
2026/09/03 10:09:50      DHCPC	 bound to 192.168.0.16 -- renewal in 86373 seconds.
2026/09/03 10:09:50        NTP	 start ntpclient
2026/09/03 10:09:50        NTP	 probe_count=5  hostname=ntp.jst.mfeed.ad.jp   cycle_time=3
2026/09/03 10:09:50        NTP	 ntp server address 210.173.160.87
2026/09/03 10:09:51        NTP	 SUCCESS: set time :  Thu Sep  3 10:09:51 2026
2026/09/03 10:09:51        NTP	 exit ntpclient
2026/09/03 10:12:02      DHCPC	 DHCPRELEASE on br0 to 192.168.0.1 port 67
2026/09/03 10:12:16      DHCPC	 adapter index 2
2026/09/03 10:12:16      DHCPC	 adapter index 12
2026/09/03 10:12:16      DHCPC	 DHCPDISCOVER on br0 to 255.255.255.255 port 67 interval 4
2026/09/03 10:12:16      DHCPC	 adapter index 12
2026/09/03 10:12:17      DHCPC	 DHCPOFFER from br0:192.168.0.1
2026/09/03 10:12:17      DHCPC	 DHCPREQUEST on br0 to 255.255.255.255 port 67
2026/09/03 10:12:17      DHCPC	 adapter index 12
2026/09/03 10:12:17      DHCPC	 DHCPACK from 192.168.0.1
2026/09/03 10:12:49      DHCPC	 bound to 192.168.0.16 -- renewal in 86368 seconds.
2026/09/03 10:12:50        NTP	 start ntpclient
2026/09/03 10:12:50        NTP	 probe_count=5  hostname=ntp.jst.mfeed.ad.jp   cycle_time=3
2026/09/03 10:12:55        NTP	 ntp.jst.mfeed.ad.jp : Unknown host
2026/09/03 10:13:03      DHCPC	 DHCPRELEASE on br0 to 192.168.0.1 port 67
2026/09/03 10:13:03      DHCPC	 adapter index 2
2026/09/03 10:13:03      DHCPC	 adapter index 12
2026/09/03 10:13:03      DHCPC	 DHCPDISCOVER on br0 to 255.255.255.255 port 67 interval 4
2026/09/03 10:13:03      DHCPC	 adapter index 12
2026/09/03 10:13:03      DHCPC	 DHCPOFFER from br0:192.168.0.1
2026/09/03 10:13:03      DHCPC	 DHCPREQUEST on br0 to 255.255.255.255 port 67
2026/09/03 10:13:03      DHCPC	 adapter index 12
2026/09/03 10:13:03      DHCPC	 DHCPACK from 192.168.0.1
2026/09/03 10:13:06      DHCPC	 bound to 192.168.0.16 -- renewal in 86397 seconds.
2026/09/03 10:13:54        NTP	 start ntpclient
2026/09/03 10:13:54        NTP	 probe_count=5  hostname=ntp.jst.mfeed.ad.jp   cycle_time=3
2026/09/03 10:13:59        NTP	 ntp.jst.mfeed.ad.jp : Unknown host
2026/09/03 10:15:37      DHCPC	 DHCPRELEASE on br0 to 192.168.0.1 port 67
2026/09/03 10:16:08      DHCPC	 adapter index 2
2026/09/03 10:16:08      DHCPC	 adapter index 12
2026/09/03 10:16:08      DHCPC	 DHCPDISCOVER on br0 to 255.255.255.255 port 67 interval 4
2026/09/03 10:16:08      DHCPC	 adapter index 12
2026/09/03 10:16:08      DHCPC	 DHCPOFFER from br0:192.168.0.1
2026/09/03 10:16:08      DHCPC	 DHCPREQUEST on br0 to 255.255.255.255 port 67
2026/09/03 10:16:08      DHCPC	 adapter index 12
2026/09/03 10:16:08      DHCPC	 DHCPACK from 192.168.0.1
2026/09/03 10:16:55      DHCPC	 bound to 192.168.0.16 -- renewal in 86353 seconds.
2026/09/03 10:16:55        NTP	 start ntpclient
2026/09/03 10:16:55        NTP	 probe_count=5  hostname=ntp.jst.mfeed.ad.jp   cycle_time=3
2026/09/03 10:16:55        NTP	 ntp server address 210.173.160.27
2026/09/03 10:16:56        NTP	 SUCCESS: set time :  Thu Sep  3 10:16:56 2026
2026/09/03 10:16:56        NTP	 exit ntpclient
2026/09/03 10:17:42      DHCPC	 DHCPRELEASE on br0 to 192.168.0.1 port 67
2026/09/03 10:17:56      DHCPC	 adapter index 2
2026/09/03 10:17:56      DHCPC	 adapter index 12
2026/09/03 10:17:56      DHCPC	 DHCPDISCOVER on br0 to 255.255.255.255 port 67 interval 4
2026/09/03 10:17:56      DHCPC	 adapter index 12
2026/09/03 10:17:56      DHCPC	 DHCPOFFER from br0:192.168.0.1
2026/09/03 10:17:56      DHCPC	 DHCPREQUEST on br0 to 255.255.255.255 port 67
2026/09/03 10:17:56      DHCPC	 adapter index 12
2026/09/03 10:17:56      DHCPC	 DHCPACK from 192.168.0.1
2026/09/03 10:18:29      DHCPC	 bound to 192.168.0.16 -- renewal in 86367 seconds.
2026/09/03 10:18:44        NTP	 start ntpclient
2026/09/03 10:18:44        NTP	 probe_count=5  hostname=ntp.jst.mfeed.ad.jp   cycle_time=3
2026/09/03 10:18:49        NTP	 ntp.jst.mfeed.ad.jp : Unknown host
2026/09/03 10:19:14      DHCPC	 DHCPRELEASE on br0 to 192.168.0.1 port 67
2026/09/03 10:19:29      DHCPC	 adapter index 2
2026/09/03 10:19:29      DHCPC	 adapter index 12
2026/09/03 10:19:29      DHCPC	 DHCPDISCOVER on br0 to 255.255.255.255 port 67 interval 4
2026/09/03 10:19:29      DHCPC	 adapter index 12
2026/09/03 10:19:29      DHCPC	 DHCPDISCOVER on br0 to 255.255.255.255 port 67 interval 8
2026/09/03 10:19:29      DHCPC	 adapter index 12
2026/09/03 10:19:36      DHCPC	 DHCPDISCOVER on br0 to 255.255.255.255 port 67 interval 16
2026/09/03 10:19:36      DHCPC	 adapter index 12
2026/09/03 10:19:36      DHCPC	 DHCPOFFER from br0:192.168.0.1
2026/09/03 10:19:36      DHCPC	 DHCPREQUEST on br0 to 255.255.255.255 port 67
2026/09/03 10:19:36      DHCPC	 adapter index 12
2026/09/03 10:19:36      DHCPC	 DHCPACK from 192.168.0.1
2026/09/03 10:20:09      DHCPC	 bound to 192.168.0.16 -- renewal in 86367 seconds.
2026/09/03 10:20:25      DHCPC	 DHCPRELEASE on br0 to 192.168.0.1 port 67
2026/09/03 10:21:01      DHCPC	 adapter index 2
2026/09/03 10:21:01      DHCPC	 adapter index 12
2026/09/03 10:21:01      DHCPC	 DHCPDISCOVER on br0 to 255.255.255.255 port 67 interval 4
2026/09/03 10:21:01      DHCPC	 adapter index 12
2026/09/03 10:21:01      DHCPC	 DHCPOFFER from br0:192.168.0.1
2026/09/03 10:21:01      DHCPC	 DHCPREQUEST on br0 to 255.255.255.255 port 67
2026/09/03 10:21:01      DHCPC	 adapter index 12
2026/09/03 10:21:01      DHCPC	 DHCPACK from 192.168.0.1
2026/09/03 10:21:01        NTP	 start ntpclient
2026/09/03 10:21:01        NTP	 probe_count=5  hostname=ntp.jst.mfeed.ad.jp   cycle_time=3
2026/09/03 10:21:06        NTP	 ntp.jst.mfeed.ad.jp : Unknown host
2026/09/03 10:21:50      DHCPC	 bound to 192.168.0.16 -- renewal in 86352 seconds.
2026/09/03 10:22:05      DHCPC	 DHCPRELEASE on br0 to 192.168.0.1 port 67
2026/09/03 10:22:41      DHCPC	 adapter index 2
2026/09/03 10:22:41      DHCPC	 adapter index 12
2026/09/03 10:22:41      DHCPC	 DHCPDISCOVER on br0 to 255.255.255.255 port 67 interval 4
2026/09/03 10:22:41      DHCPC	 adapter index 12
2026/09/03 10:22:41      DHCPC	 DHCPOFFER from br0:192.168.0.1
2026/09/03 10:22:41      DHCPC	 DHCPREQUEST on br0 to 255.255.255.255 port 67
2026/09/03 10:22:41      DHCPC	 adapter index 12
2026/09/03 10:22:41      DHCPC	 DHCPACK from 192.168.0.1
2026/09/03 10:22:41        NTP	 start ntpclient
2026/09/03 10:22:41        NTP	 probe_count=5  hostname=ntp.jst.mfeed.ad.jp   cycle_time=3
2026/09/03 10:22:46        NTP	 ntp.jst.mfeed.ad.jp : Unknown host
2026/09/03 10:23:34      DHCPC	 bound to 192.168.0.16 -- renewal in 86348 seconds.
2026/09/03 10:23:50        NTP	 start ntpclient
2026/09/03 10:23:50        NTP	 probe_count=5  hostname=ntp.jst.mfeed.ad.jp   cycle_time=3
2026/09/03 10:23:50        NTP	 ntp server address 210.173.160.27
2026/09/03 10:23:51        NTP	 SUCCESS: set time :  Thu Sep  3 10:23:51 2026
2026/09/03 10:23:51        NTP	 exit ntpclient
2026/09/03 10:27:28      DHCPC	 DHCPRELEASE on br0 to 192.168.0.1 port 67
2026/09/03 10:27:54      DHCPC	 adapter index 2
2026/09/03 10:27:55      DHCPC	 adapter index 12
2026/09/03 10:27:55      DHCPC	 DHCPDISCOVER on br0 to 255.255.255.255 port 67 interval 4
2026/09/03 10:27:55      DHCPC	 adapter index 12
2026/09/03 10:27:56      DHCPC	 DHCPOFFER from br0:192.168.0.1
2026/09/03 10:27:56      DHCPC	 DHCPREQUEST on br0 to 255.255.255.255 port 67
2026/09/03 10:27:56      DHCPC	 adapter index 12
2026/09/03 10:27:56      DHCPC	 DHCPACK from 192.168.0.1
2026/09/03 10:28:37      DHCPC	 bound to 192.168.0.16 -- renewal in 86359 seconds.
2026/09/03 10:28:38        NTP	 start ntpclient
2026/09/03 10:28:38        NTP	 probe_count=5  hostname=ntp.jst.mfeed.ad.jp   cycle_time=3
2026/09/03 10:28:38        NTP	 ntp server address 210.173.160.87
2026/09/03 10:28:38        NTP	 SUCCESS: set time :  Thu Sep  3 10:28:38 2026
2026/09/03 10:28:38        NTP	 exit ntpclient
2026/09/03 10:31:37      DHCPC	 DHCPRELEASE on br0 to 192.168.0.1 port 67
2026/09/03 10:31:53      DHCPC	 adapter index 2
2026/09/03 10:31:53      DHCPC	 adapter index 12
2026/09/03 10:31:53      DHCPC	 DHCPDISCOVER on br0 to 255.255.255.255 port 67 interval 4
2026/09/03 10:31:53      DHCPC	 adapter index 12
2026/09/03 10:31:53      DHCPC	 DHCPOFFER from br0:192.168.0.1
2026/09/03 10:31:53      DHCPC	 DHCPREQUEST on br0 to 255.255.255.255 port 67
2026/09/03 10:31:53      DHCPC	 adapter index 12
2026/09/03 10:31:53      DHCPC	 DHCPACK from 192.168.0.1
2026/09/03 10:32:16      DHCPC	 bound to 192.168.0.16 -- renewal in 86377 seconds.
2026/09/03 10:32:31        NTP	 start ntpclient
2026/09/03 10:32:31        NTP	 probe_count=5  hostname=ntp.jst.mfeed.ad.jp   cycle_time=3
2026/09/03 10:32:33      DHCPC	 DHCPRELEASE on br0 to 192.168.0.1 port 67
2026/09/03 10:32:33      DHCPC	 adapter index 2
2026/09/03 10:32:35      DHCPC	 adapter index 12
2026/09/03 10:32:35      DHCPC	 DHCPDISCOVER on br0 to 255.255.255.255 port 67 interval 4
2026/09/03 10:32:35      DHCPC	 adapter index 12
2026/09/03 10:32:35      DHCPC	 DHCPOFFER from br0:192.168.0.1
2026/09/03 10:32:35      DHCPC	 DHCPREQUEST on br0 to 255.255.255.255 port 67
2026/09/03 10:32:35      DHCPC	 adapter index 12
2026/09/03 10:32:35      DHCPC	 DHCPACK from 192.168.0.1
2026/09/03 10:32:36        NTP	 ntp.jst.mfeed.ad.jp : Unknown host
2026/09/03 10:32:38      DHCPC	 bound to 192.168.0.16 -- renewal in 86397 seconds.
2026/09/03 10:33:15        NTP	 start ntpclient
2026/09/03 10:33:15        NTP	 probe_count=5  hostname=ntp.jst.mfeed.ad.jp   cycle_time=3
2026/09/03 10:33:20        NTP	 ntp.jst.mfeed.ad.jp : Unknown host
2026/09/03 10:34:34      DHCPC	 DHCPRELEASE on br0 to 192.168.0.1 port 67
2026/09/03 10:34:34      DHCPC	 adapter index 2
2026/09/03 10:34:38      DHCPC	 adapter index 12
2026/09/03 10:34:38      DHCPC	 DHCPDISCOVER on br0 to 255.255.255.255 port 67 interval 4
2026/09/03 10:34:38      DHCPC	 adapter index 12
2026/09/03 10:34:38      DHCPC	 DHCPOFFER from br0:192.168.0.1
2026/09/03 10:34:38      DHCPC	 DHCPREQUEST on br0 to 255.255.255.255 port 67
2026/09/03 10:34:38      DHCPC	 adapter index 12
2026/09/03 10:34:38      DHCPC	 DHCPACK from 192.168.0.1
2026/09/03 10:35:27      DHCPC	 bound to 192.168.0.16 -- renewal in 86351 seconds.
2026/09/03 10:35:28        NTP	 start ntpclient
2026/09/03 10:35:28        NTP	 probe_count=5  hostname=ntp.jst.mfeed.ad.jp   cycle_time=3
2026/09/03 10:35:28      DHCPC	 DHCPRELEASE on br0 to 192.168.0.1 port 67
2026/09/03 10:35:33        NTP	 ntp.jst.mfeed.ad.jp : Unknown host
2026/09/03 10:36:36      DHCPC	 adapter index 2
2026/09/03 10:36:36      DHCPC	 adapter index 12
2026/09/03 10:36:36      DHCPC	 DHCPDISCOVER on br0 to 255.255.255.255 port 67 interval 4
2026/09/03 10:36:36      DHCPC	 adapter index 12
2026/09/03 10:36:36      DHCPC	 DHCPOFFER from br0:192.168.0.1
2026/09/03 10:36:36      DHCPC	 DHCPREQUEST on br0 to 255.255.255.255 port 67
2026/09/03 10:36:36      DHCPC	 adapter index 12
2026/09/03 10:36:36      DHCPC	 DHCPACK from 192.168.0.1
2026/09/03 10:37:02      DHCPC	 bound to 192.168.0.16 -- renewal in 86375 seconds.
2026/09/03 10:37:02        NTP	 start ntpclient
2026/09/03 10:37:02        NTP	 probe_count=5  hostname=ntp.jst.mfeed.ad.jp   cycle_time=3
2026/09/03 10:37:02        NTP	 ntp server address 210.173.160.27
2026/09/03 10:37:03        NTP	 SUCCESS: set time :  Thu Sep  3 10:37:03 2026
2026/09/03 10:37:03        NTP	 exit ntpclient
2026/09/03 10:38:06      DHCPC	 DHCPRELEASE on br0 to 192.168.0.1 port 67
2026/09/03 10:38:41      DHCPC	 adapter index 2
2026/09/03 10:38:41      DHCPC	 adapter index 12
2026/09/03 10:38:41      DHCPC	 DHCPDISCOVER on br0 to 255.255.255.255 port 67 interval 4
2026/09/03 10:38:41      DHCPC	 adapter index 12
2026/09/03 10:38:41      DHCPC	 DHCPOFFER from br0:192.168.0.1
2026/09/03 10:38:41      DHCPC	 DHCPREQUEST on br0 to 255.255.255.255 port 67
2026/09/03 10:38:41      DHCPC	 adapter index 12
2026/09/03 10:38:41      DHCPC	 DHCPACK from 192.168.0.1
2026/09/03 10:39:10      DHCPC	 bound to 192.168.0.16 -- renewal in 86372 seconds.
2026/09/03 10:39:46        NTP	 start ntpclient
2026/09/03 10:39:46        NTP	 probe_count=5  hostname=ntp.jst.mfeed.ad.jp   cycle_time=3
2026/09/03 10:39:46        NTP	 ntp server address 210.173.160.27
2026/09/03 10:39:47        NTP	 SUCCESS: set time :  Thu Sep  3 10:39:47 2026
2026/09/03 10:39:47        NTP	 exit ntpclient
2026/09/03 10:41:16      DHCPC	 DHCPRELEASE on br0 to 192.168.0.1 port 67
2026/09/03 10:42:41      DHCPC	 adapter index 2
2026/09/03 10:42:41      DHCPC	 adapter index 12
2026/09/03 10:42:41      DHCPC	 DHCPDISCOVER on br0 to 255.255.255.255 port 67 interval 4
2026/09/03 10:42:41      DHCPC	 adapter index 12
2026/09/03 10:42:42      DHCPC	 DHCPOFFER from br0:192.168.0.1
2026/09/03 10:42:42      DHCPC	 DHCPREQUEST on br0 to 255.255.255.255 port 67
2026/09/03 10:42:42      DHCPC	 adapter index 12
2026/09/03 10:42:42      DHCPC	 DHCPACK from 192.168.0.1
2026/09/03 10:43:36      DHCPC	 bound to 192.168.0.16 -- renewal in 86346 seconds.
2026/09/03 10:44:23        NTP	 start ntpclient
2026/09/03 10:44:23        NTP	 probe_count=5  hostname=ntp.jst.mfeed.ad.jp   cycle_time=3
2026/09/03 10:44:23        NTP	 ntp server address 210.173.160.57
2026/09/03 10:44:23        NTP	 SUCCESS: set time :  Thu Sep  3 10:44:23 2026
2026/09/03 10:44:23        NTP	 exit ntpclient
2026/09/03 10:44:24        NTP	 start ntpclient
2026/09/03 10:44:24        NTP	 probe_count=5  hostname=ntp.jst.mfeed.ad.jp   cycle_time=3
2026/09/03 10:44:24        NTP	 ntp server address 210.173.160.57
2026/09/03 10:44:24        NTP	 SUCCESS: set time :  Thu Sep  3 10:44:24 2026
2026/09/03 10:44:24        NTP	 exit ntpclient
2026/09/03 10:44:38        NTP	 start ntpclient
2026/09/03 10:44:38        NTP	 probe_count=5  hostname=ntp.jst.mfeed.ad.jp   cycle_time=3
2026/09/03 10:44:38        NTP	 ntp server address 210.173.160.27
2026/09/03 10:44:38        NTP	 SUCCESS: set time :  Thu Sep  3 10:44:38 2026
2026/09/03 10:44:38        NTP	 exit ntpclient
2026/09/03 11:01:43      DHCPC	 DHCPRELEASE on br0 to 192.168.0.1 port 67
2026/09/03 11:02:31      DHCPC	 adapter index 2
2026/09/03 11:02:31      DHCPC	 adapter index 12
2026/09/03 11:02:31      DHCPC	 DHCPDISCOVER on br0 to 255.255.255.255 port 67 interval 4
2026/09/03 11:02:31      DHCPC	 adapter index 12
2026/09/03 11:02:32      DHCPC	 DHCPOFFER from br0:192.168.0.1
2026/09/03 11:02:32      DHCPC	 DHCPREQUEST on br0 to 255.255.255.255 port 67
2026/09/03 11:02:32      DHCPC	 adapter index 12
2026/09/03 11:02:32      DHCPC	 DHCPACK from 192.168.0.1
2026/09/03 11:03:28      DHCPC	 bound to 192.168.0.16 -- renewal in 86344 seconds.
2026/09/03 11:03:30      DHCPC	 DHCPRELEASE on br0 to 192.168.0.1 port 67
2026/09/03 11:04:17      DHCPC	 adapter index 2
2026/09/03 11:04:17      DHCPC	 adapter index 12
2026/09/03 11:04:17      DHCPC	 DHCPDISCOVER on br0 to 255.255.255.255 port 67 interval 4
2026/09/03 11:04:17      DHCPC	 adapter index 12
2026/09/03 11:04:17      DHCPC	 DHCPOFFER from br0:192.168.0.1
2026/09/03 11:04:17      DHCPC	 DHCPREQUEST on br0 to 255.255.255.255 port 67
2026/09/03 11:04:17      DHCPC	 adapter index 12
2026/09/03 11:04:17      DHCPC	 DHCPACK from 192.168.0.1
2026/09/03 11:04:40        NTP	 start ntpclient
2026/09/03 11:04:40        NTP	 probe_count=5  hostname=ntp.jst.mfeed.ad.jp   cycle_time=3
2026/09/03 11:04:40        NTP	 ntp server address 210.173.160.87
2026/09/03 11:04:41        NTP	 SUCCESS: set time :  Thu Sep  3 11:04:41 2026
2026/09/03 11:04:41        NTP	 exit ntpclient
2026/09/03 11:04:41        NTP	 start ntpclient
2026/09/03 11:04:41        NTP	 probe_count=5  hostname=ntp.jst.mfeed.ad.jp   cycle_time=3
2026/09/03 11:04:41        NTP	 ntp server address 210.173.160.27
2026/09/03 11:04:41        NTP	 SUCCESS: set time :  Thu Sep  3 11:04:41 2026
2026/09/03 11:04:41        NTP	 exit ntpclient
2026/09/03 11:04:45      DHCPC	 bound to 192.168.0.16 -- renewal in 86373 seconds.
2026/09/03 11:04:50        NTP	 start ntpclient
2026/09/03 11:04:50        NTP	 probe_count=5  hostname=ntp.jst.mfeed.ad.jp   cycle_time=3
2026/09/03 11:04:50        NTP	 ntp server address 210.173.160.57
2026/09/03 11:04:50        NTP	 SUCCESS: set time :  Thu Sep  3 11:04:50 2026
2026/09/03 11:04:50        NTP	 exit ntpclient
2026/09/03 11:06:36        NTP	 start ntpclient
2026/09/03 11:06:36        NTP	 probe_count=5  hostname=ntp.jst.mfeed.ad.jp   cycle_time=3
2026/09/03 11:06:36        NTP	 ntp server address 210.173.160.57
2026/09/03 11:06:36        NTP	 SUCCESS: set time :  Thu Sep  3 11:06:36 2026
2026/09/03 11:06:36        NTP	 exit ntpclient
2026/09/03 11:07:53        NTP	 start ntpclient
2026/09/03 11:07:53        NTP	 probe_count=5  hostname=ntp.jst.mfeed.ad.jp   cycle_time=3
2026/09/03 11:07:53        NTP	 ntp server address 210.173.160.57
2026/09/03 11:07:53        NTP	 SUCCESS: set time :  Thu Sep  3 11:07:53 2026
2026/09/03 11:07:53        NTP	 exit ntpclient
2026/09/03 12:08:39      DHCPC	 DHCPRELEASE on br0 to 192.168.0.1 port 67
2026/09/03 12:08:40      DHCPC	 adapter index 2
2026/09/03 12:08:42      DHCPC	 adapter index 12
2026/09/03 12:08:42      DHCPC	 DHCPDISCOVER on br0 to 255.255.255.255 port 67 interval 4
2026/09/03 12:08:42      DHCPC	 adapter index 12
2026/09/03 12:08:42      DHCPC	 DHCPOFFER from br0:192.168.0.1
2026/09/03 12:08:42      DHCPC	 DHCPREQUEST on br0 to 255.255.255.255 port 67
2026/09/03 12:08:42      DHCPC	 adapter index 12
2026/09/03 12:08:42      DHCPC	 DHCPACK from 192.168.0.1
2026/09/03 12:08:55      DHCPC	 bound to 192.168.0.16 -- renewal in 86388 seconds.
2026/09/03 12:09:23        NTP	 start ntpclient
2026/09/03 12:09:23        NTP	 probe_count=5  hostname=ntp.jst.mfeed.ad.jp   cycle_time=3
2026/09/03 12:09:28        NTP	 ntp.jst.mfeed.ad.jp : Unknown host
2026/09/03 12:10:11      DHCPC	 DHCPRELEASE on br0 to 192.168.0.1 port 67
2026/09/03 12:10:28      DHCPC	 adapter index 2
2026/09/03 12:10:28      DHCPC	 adapter index 12
2026/09/03 12:10:28      DHCPC	 DHCPDISCOVER on br0 to 255.255.255.255 port 67 interval 4
2026/09/03 12:10:28      DHCPC	 adapter index 12
2026/09/03 12:10:28      DHCPC	 DHCPOFFER from br0:192.168.0.1
2026/09/03 12:10:28      DHCPC	 DHCPREQUEST on br0 to 255.255.255.255 port 67
2026/09/03 12:10:28      DHCPC	 adapter index 12
2026/09/03 12:10:28      DHCPC	 DHCPACK from 192.168.0.1
2026/09/03 12:11:05      DHCPC	 bound to 192.168.0.16 -- renewal in 86364 seconds.
2026/09/03 12:11:21        NTP	 start ntpclient
2026/09/03 12:11:21        NTP	 probe_count=5  hostname=ntp.jst.mfeed.ad.jp   cycle_time=3
2026/09/03 12:11:21        NTP	 ntp server address 210.173.160.57
2026/09/03 12:11:25        NTP	 SUCCESS: set time :  Thu Sep  3 12:11:25 2026
2026/09/03 12:11:25        NTP	 exit ntpclient
2026/09/03 12:12:07      DHCPC	 DHCPRELEASE on br0 to 192.168.0.1 port 67
2026/09/03 12:12:31      DHCPC	 adapter index 2
2026/09/03 12:12:31      DHCPC	 adapter index 12
2026/09/03 12:12:31      DHCPC	 DHCPDISCOVER on br0 to 255.255.255.255 port 67 interval 4
2026/09/03 12:12:31      DHCPC	 adapter index 12
2026/09/03 12:12:31      DHCPC	 DHCPOFFER from br0:192.168.0.1
2026/09/03 12:12:31      DHCPC	 DHCPREQUEST on br0 to 255.255.255.255 port 67
2026/09/03 12:12:31      DHCPC	 adapter index 12
2026/09/03 12:12:31      DHCPC	 DHCPACK from 192.168.0.1
2026/09/03 12:13:16      DHCPC	 bound to 192.168.0.16 -- renewal in 86356 seconds.
2026/09/03 12:13:17        NTP	 start ntpclient
2026/09/03 12:13:17        NTP	 probe_count=5  hostname=ntp.jst.mfeed.ad.jp   cycle_time=3
2026/09/03 12:13:17        NTP	 ntp server address 210.173.160.27
2026/09/03 12:13:17        NTP	 SUCCESS: set time :  Thu Sep  3 12:13:17 2026
2026/09/03 12:13:17        NTP	 exit ntpclient
2026/09/03 12:26:40      DHCPC	 DHCPRELEASE on br0 to 192.168.0.1 port 67
2026/09/03 12:27:24      DHCPC	 adapter index 2
2026/09/03 12:27:24      DHCPC	 adapter index 12
2026/09/03 12:27:24      DHCPC	 DHCPDISCOVER on br0 to 255.255.255.255 port 67 interval 4
2026/09/03 12:27:24      DHCPC	 adapter index 12
2026/09/03 12:27:24      DHCPC	 DHCPOFFER from br0:192.168.0.1
2026/09/03 12:27:24      DHCPC	 DHCPREQUEST on br0 to 255.255.255.255 port 67
2026/09/03 12:27:24      DHCPC	 adapter index 12
2026/09/03 12:27:24      DHCPC	 DHCPACK from 192.168.0.1
2026/09/03 12:27:59      DHCPC	 bound to 192.168.0.16 -- renewal in 86365 seconds.
2026/09/03 12:28:13        NTP	 start ntpclient
2026/09/03 12:28:13        NTP	 probe_count=5  hostname=ntp.jst.mfeed.ad.jp   cycle_time=3
2026/09/03 12:28:13        NTP	 ntp server address 210.173.160.57
2026/09/03 12:28:14        NTP	 SUCCESS: set time :  Thu Sep  3 12:28:14 2026
2026/09/03 12:28:14        NTP	 exit ntpclient
2026/09/03 12:44:02      DHCPC	 DHCPRELEASE on br0 to 192.168.0.1 port 67
2026/09/03 12:44:02      DHCPC	 adapter index 2
2026/09/03 12:44:06      DHCPC	 adapter index 12
2026/09/03 12:44:06      DHCPC	 DHCPDISCOVER on br0 to 255.255.255.255 port 67 interval 4
2026/09/03 12:44:06      DHCPC	 adapter index 12
2026/09/03 12:44:06      DHCPC	 DHCPOFFER from br0:192.168.0.1
2026/09/03 12:44:06      DHCPC	 DHCPREQUEST on br0 to 255.255.255.255 port 67
2026/09/03 12:44:06      DHCPC	 adapter index 12
2026/09/03 12:44:06      DHCPC	 DHCPACK from 192.168.0.1
2026/09/03 12:44:16      DHCPC	 bound to 192.168.0.16 -- renewal in 86390 seconds.
2026/09/03 12:44:40        NTP	 start ntpclient
2026/09/03 12:44:40        NTP	 probe_count=5  hostname=ntp.jst.mfeed.ad.jp   cycle_time=3
2026/09/03 12:44:45        NTP	 ntp.jst.mfeed.ad.jp : Unknown host
2026/09/03 12:45:37      DHCPC	 DHCPRELEASE on br0 to 192.168.0.1 port 67
2026/09/03 12:46:08      DHCPC	 adapter index 2
2026/09/03 12:46:09      DHCPC	 adapter index 12
2026/09/03 12:46:09      DHCPC	 DHCPDISCOVER on br0 to 255.255.255.255 port 67 interval 4
2026/09/03 12:46:09      DHCPC	 adapter index 12
2026/09/03 12:46:09      DHCPC	 DHCPOFFER from br0:192.168.0.1
2026/09/03 12:46:09      DHCPC	 DHCPREQUEST on br0 to 255.255.255.255 port 67
2026/09/03 12:46:09      DHCPC	 adapter index 12
2026/09/03 12:46:09      DHCPC	 DHCPACK from 192.168.0.1
2026/09/03 12:46:22      DHCPC	 bound to 192.168.0.16 -- renewal in 86387 seconds.
2026/09/03 12:46:59        NTP	 start ntpclient
2026/09/03 12:46:59        NTP	 probe_count=5  hostname=ntp.jst.mfeed.ad.jp   cycle_time=3
2026/09/03 12:46:59        NTP	 ntp server address 210.173.160.87
2026/09/03 12:47:01        NTP	 SUCCESS: set time :  Thu Sep  3 12:47:01 2026
2026/09/03 12:47:01        NTP	 exit ntpclient
2026/09/03 12:47:01      DHCPC	 DHCPRELEASE on br0 to 192.168.0.1 port 67
2026/09/03 12:47:01      DHCPC	 adapter index 2
2026/09/03 12:47:02      DHCPC	 adapter index 12
2026/09/03 12:47:02      DHCPC	 DHCPDISCOVER on br0 to 255.255.255.255 port 67 interval 4
2026/09/03 12:47:02      DHCPC	 adapter index 12
2026/09/03 12:47:02      DHCPC	 DHCPOFFER from br0:192.168.0.1
2026/09/03 12:47:02      DHCPC	 DHCPREQUEST on br0 to 255.255.255.255 port 67
2026/09/03 12:47:02      DHCPC	 adapter index 12
2026/09/03 12:47:02      DHCPC	 DHCPACK from 192.168.0.1
2026/09/03 12:47:21      DHCPC	 bound to 192.168.0.16 -- renewal in 86381 seconds.
2026/09/03 12:47:58        NTP	 start ntpclient
2026/09/03 12:47:58        NTP	 probe_count=5  hostname=ntp.jst.mfeed.ad.jp   cycle_time=3
2026/09/03 12:48:03        NTP	 ntp.jst.mfeed.ad.jp : Unknown host
2026/09/03 12:53:46      DHCPC	 DHCPRELEASE on br0 to 192.168.0.1 port 67
2026/09/03 12:54:19      DHCPC	 adapter index 2
2026/09/03 12:54:23      DHCPC	 adapter index 12
2026/09/03 12:54:23      DHCPC	 DHCPDISCOVER on br0 to 255.255.255.255 port 67 interval 4
2026/09/03 12:54:23      DHCPC	 adapter index 12
2026/09/03 12:54:23      DHCPC	 DHCPOFFER from br0:192.168.0.1
2026/09/03 12:54:23      DHCPC	 DHCPREQUEST on br0 to 255.255.255.255 port 67
2026/09/03 12:54:23      DHCPC	 adapter index 12
2026/09/03 12:54:23      DHCPC	 DHCPACK from 192.168.0.1
2026/09/03 12:54:33      DHCPC	 bound to 192.168.0.16 -- renewal in 86390 seconds.
2026/09/03 12:55:09        NTP	 start ntpclient
2026/09/03 12:55:09        NTP	 probe_count=5  hostname=ntp.jst.mfeed.ad.jp   cycle_time=3
2026/09/03 12:55:09        NTP	 ntp server address 210.173.160.87
2026/09/03 12:55:09        NTP	 SUCCESS: set time :  Thu Sep  3 12:55:09 2026
2026/09/03 12:55:09        NTP	 exit ntpclient
2026/09/03 12:55:11      DHCPC	 DHCPRELEASE on br0 to 192.168.0.1 port 67
2026/09/03 12:56:02      DHCPC	 adapter index 2
2026/09/03 12:56:02      DHCPC	 adapter index 12
2026/09/03 12:56:02      DHCPC	 DHCPDISCOVER on br0 to 255.255.255.255 port 67 interval 4
2026/09/03 12:56:02      DHCPC	 adapter index 12
2026/09/03 12:56:02      DHCPC	 DHCPOFFER from br0:192.168.0.1
2026/09/03 12:56:02      DHCPC	 DHCPREQUEST on br0 to 255.255.255.255 port 67
2026/09/03 12:56:02      DHCPC	 adapter index 12
2026/09/03 12:56:02      DHCPC	 DHCPACK from 192.168.0.1
2026/09/03 12:56:26      DHCPC	 bound to 192.168.0.16 -- renewal in 86377 seconds.
2026/09/03 12:57:13        NTP	 start ntpclient
2026/09/03 12:57:13        NTP	 probe_count=5  hostname=ntp.jst.mfeed.ad.jp   cycle_time=3
2026/09/03 12:57:13        NTP	 ntp server address 210.173.160.87
2026/09/03 12:57:13        NTP	 SUCCESS: set time :  Thu Sep  3 12:57:13 2026
2026/09/03 12:57:13        NTP	 exit ntpclient
2026/09/03 12:58:46      DHCPC	 DHCPRELEASE on br0 to 192.168.0.1 port 67
2026/09/03 12:59:25      DHCPC	 adapter index 2
2026/09/03 12:59:26      DHCPC	 adapter index 12
2026/09/03 12:59:26      DHCPC	 DHCPDISCOVER on br0 to 255.255.255.255 port 67 interval 4
2026/09/03 12:59:26      DHCPC	 adapter index 12
2026/09/03 12:59:26      DHCPC	 DHCPOFFER from br0:192.168.0.1
2026/09/03 12:59:26      DHCPC	 DHCPREQUEST on br0 to 255.255.255.255 port 67
2026/09/03 12:59:26      DHCPC	 adapter index 12
2026/09/03 12:59:26      DHCPC	 DHCPACK from 192.168.0.1
2026/09/03 13:00:30      DHCPC	 bound to 192.168.0.16 -- renewal in 86337 seconds.
2026/09/03 13:00:30        NTP	 start ntpclient
2026/09/03 13:00:30        NTP	 probe_count=5  hostname=ntp.jst.mfeed.ad.jp   cycle_time=3
2026/09/03 13:00:30        NTP	 ntp server address 210.173.160.57
2026/09/03 13:00:31        NTP	 SUCCESS: set time :  Thu Sep  3 13:00:31 2026
2026/09/03 13:00:31        NTP	 exit ntpclient
2026/09/03 13:09:10      DHCPC	 DHCPRELEASE on br0 to 192.168.0.1 port 67
2026/09/03 13:09:24      DHCPC	 adapter index 2
2026/09/03 13:09:24      DHCPC	 adapter index 12
2026/09/03 13:09:24      DHCPC	 DHCPDISCOVER on br0 to 255.255.255.255 port 67 interval 4
2026/09/03 13:09:24      DHCPC	 adapter index 12
2026/09/03 13:09:25      DHCPC	 DHCPOFFER from br0:192.168.0.1
2026/09/03 13:09:25      DHCPC	 DHCPREQUEST on br0 to 255.255.255.255 port 67
2026/09/03 13:09:25      DHCPC	 adapter index 12
2026/09/03 13:09:25      DHCPC	 DHCPACK from 192.168.0.1
2026/09/03 13:09:51      DHCPC	 bound to 192.168.0.16 -- renewal in 86374 seconds.
2026/09/03 13:10:05        NTP	 start ntpclient
2026/09/03 13:10:05        NTP	 probe_count=5  hostname=ntp.jst.mfeed.ad.jp   cycle_time=3
2026/09/03 13:10:10        NTP	 ntp.jst.mfeed.ad.jp : Unknown host
2026/09/03 13:10:52      DHCPC	 DHCPRELEASE on br0 to 192.168.0.1 port 67
2026/09/03 13:10:52      DHCPC	 adapter index 2
2026/09/03 13:10:52      DHCPC	 adapter index 12
2026/09/03 13:10:52      DHCPC	 DHCPDISCOVER on br0 to 255.255.255.255 port 67 interval 4
2026/09/03 13:10:52      DHCPC	 adapter index 12
2026/09/03 13:10:53      DHCPC	 DHCPOFFER from br0:192.168.0.1
2026/09/03 13:10:53      DHCPC	 DHCPREQUEST on br0 to 255.255.255.255 port 67
2026/09/03 13:10:53      DHCPC	 adapter index 12
2026/09/03 13:10:53      DHCPC	 DHCPACK from 192.168.0.1
2026/09/03 13:10:56      DHCPC	 bound to 192.168.0.16 -- renewal in 86397 seconds.
2026/09/03 13:11:27        NTP	 start ntpclient
2026/09/03 13:11:27        NTP	 probe_count=5  hostname=ntp.jst.mfeed.ad.jp   cycle_time=3
2026/09/03 13:11:32        NTP	 ntp.jst.mfeed.ad.jp : Unknown host
2026/09/03 13:11:41      DHCPC	 DHCPRELEASE on br0 to 192.168.0.1 port 67
2026/09/03 13:11:41      DHCPC	 adapter index 2
2026/09/03 13:11:44      DHCPC	 adapter index 12
2026/09/03 13:11:44      DHCPC	 DHCPDISCOVER on br0 to 255.255.255.255 port 67 interval 4
2026/09/03 13:11:44      DHCPC	 adapter index 12
2026/09/03 13:11:44      DHCPC	 DHCPOFFER from br0:192.168.0.1
2026/09/03 13:11:44      DHCPC	 DHCPREQUEST on br0 to 255.255.255.255 port 67
2026/09/03 13:11:44      DHCPC	 adapter index 12
2026/09/03 13:11:44      DHCPC	 DHCPACK from 192.168.0.1
2026/09/03 13:11:47      DHCPC	 bound to 192.168.0.16 -- renewal in 86397 seconds.
2026/09/03 13:12:21        NTP	 start ntpclient
2026/09/03 13:12:21        NTP	 probe_count=5  hostname=ntp.jst.mfeed.ad.jp   cycle_time=3
2026/09/03 13:12:26        NTP	 ntp.jst.mfeed.ad.jp : Unknown host
2026/09/03 13:12:40      DHCPC	 DHCPRELEASE on br0 to 192.168.0.1 port 67
2026/09/03 13:13:27      DHCPC	 adapter index 2
2026/09/03 13:13:31      DHCPC	 adapter index 12
2026/09/03 13:13:31      DHCPC	 DHCPDISCOVER on br0 to 255.255.255.255 port 67 interval 4
2026/09/03 13:13:31      DHCPC	 adapter index 12
2026/09/03 13:13:31      DHCPC	 DHCPOFFER from br0:192.168.0.1
2026/09/03 13:13:31      DHCPC	 DHCPREQUEST on br0 to 255.255.255.255 port 67
2026/09/03 13:13:31      DHCPC	 adapter index 12
2026/09/03 13:13:31      DHCPC	 DHCPACK from 192.168.0.1
2026/09/03 13:13:55      DHCPC	 bound to 192.168.0.16 -- renewal in 86376 seconds.
2026/09/03 13:14:46        NTP	 start ntpclient
2026/09/03 13:14:46        NTP	 probe_count=5  hostname=ntp.jst.mfeed.ad.jp   cycle_time=3
2026/09/03 13:14:46        NTP	 ntp server address 210.173.160.27
2026/09/03 13:14:47        NTP	 SUCCESS: set time :  Thu Sep  3 13:14:47 2026
2026/09/03 13:14:47        NTP	 exit ntpclient
2026/09/03 13:26:50      DHCPC	 DHCPRELEASE on br0 to 192.168.0.1 port 67
2026/09/03 13:27:05      DHCPC	 adapter index 2
2026/09/03 13:27:05      DHCPC	 adapter index 12
2026/09/03 13:27:05      DHCPC	 DHCPDISCOVER on br0 to 255.255.255.255 port 67 interval 4
2026/09/03 13:27:05      DHCPC	 adapter index 12
2026/09/03 13:27:06      DHCPC	 DHCPOFFER from br0:192.168.0.1
2026/09/03 13:27:06      DHCPC	 DHCPREQUEST on br0 to 255.255.255.255 port 67
2026/09/03 13:27:06      DHCPC	 adapter index 12
2026/09/03 13:27:06      DHCPC	 DHCPACK from 192.168.0.1
2026/09/03 13:27:41      DHCPC	 bound to 192.168.0.16 -- renewal in 86365 seconds.
2026/09/03 13:27:54        NTP	 start ntpclient
2026/09/03 13:27:54        NTP	 probe_count=5  hostname=ntp.jst.mfeed.ad.jp   cycle_time=3
2026/09/03 13:27:59        NTP	 ntp.jst.mfeed.ad.jp : Unknown host
2026/09/03 13:32:05      DHCPC	 DHCPRELEASE on br0 to 192.168.0.1 port 67
2026/09/03 13:32:05      DHCPC	 adapter index 2
2026/09/03 13:32:09      DHCPC	 adapter index 12
2026/09/03 13:32:09      DHCPC	 DHCPDISCOVER on br0 to 255.255.255.255 port 67 interval 4
2026/09/03 13:32:09      DHCPC	 adapter index 12
2026/09/03 13:32:09      DHCPC	 DHCPOFFER from br0:192.168.0.1
2026/09/03 13:32:09      DHCPC	 DHCPREQUEST on br0 to 255.255.255.255 port 67
2026/09/03 13:32:09      DHCPC	 adapter index 12
2026/09/03 13:32:09      DHCPC	 DHCPACK from 192.168.0.1
2026/09/03 13:32:34      DHCPC	 bound to 192.168.0.16 -- renewal in 86375 seconds.
2026/09/03 13:32:49        NTP	 start ntpclient
2026/09/03 13:32:49        NTP	 probe_count=5  hostname=ntp.jst.mfeed.ad.jp   cycle_time=3
2026/09/03 13:32:49        NTP	 ntp server address 210.173.160.87
2026/09/03 13:32:50        NTP	 SUCCESS: set time :  Thu Sep  3 13:32:50 2026
2026/09/03 13:32:50        NTP	 exit ntpclient
2026/09/03 13:33:42      DHCPC	 DHCPRELEASE on br0 to 192.168.0.1 port 67
2026/09/03 13:33:42      DHCPC	 adapter index 2
2026/09/03 13:33:46      DHCPC	 adapter index 12
2026/09/03 13:33:46      DHCPC	 DHCPDISCOVER on br0 to 255.255.255.255 port 67 interval 4
2026/09/03 13:33:46      DHCPC	 adapter index 12
2026/09/03 13:33:46      DHCPC	 DHCPOFFER from br0:192.168.0.1
2026/09/03 13:33:46      DHCPC	 DHCPREQUEST on br0 to 255.255.255.255 port 67
2026/09/03 13:33:46      DHCPC	 adapter index 12
2026/09/03 13:33:46      DHCPC	 DHCPACK from 192.168.0.1
2026/09/03 13:34:26      DHCPC	 bound to 192.168.0.16 -- renewal in 86361 seconds.
2026/09/03 13:34:48        NTP	 start ntpclient
2026/09/03 13:34:48        NTP	 probe_count=5  hostname=ntp.jst.mfeed.ad.jp   cycle_time=3
2026/09/03 13:34:53        NTP	 ntp.jst.mfeed.ad.jp : Unknown host
2026/09/03 13:44:53        NTP	 start ntpclient
2026/09/03 13:44:53        NTP	 probe_count=5  hostname=ntp.jst.mfeed.ad.jp   cycle_time=3
2026/09/03 13:44:58        NTP	 ntp.jst.mfeed.ad.jp : Unknown host
2026/09/03 13:46:23      DHCPC	 DHCPRELEASE on br0 to 192.168.0.1 port 67
2026/09/03 13:46:25      DHCPC	 adapter index 2
2026/09/03 13:46:28      DHCPC	 adapter index 12
2026/09/03 13:46:28      DHCPC	 DHCPDISCOVER on br0 to 255.255.255.255 port 67 interval 4
2026/09/03 13:46:28      DHCPC	 adapter index 12
2026/09/03 13:46:28      DHCPC	 DHCPOFFER from br0:192.168.0.1
2026/09/03 13:46:28      DHCPC	 DHCPREQUEST on br0 to 255.255.255.255 port 67
2026/09/03 13:46:28      DHCPC	 adapter index 12
2026/09/03 13:46:28      DHCPC	 DHCPACK from 192.168.0.1
2026/09/03 13:46:52      DHCPC	 bound to 192.168.0.16 -- renewal in 86376 seconds.
2026/09/03 13:47:05        NTP	 start ntpclient
2026/09/03 13:47:05        NTP	 probe_count=5  hostname=ntp.jst.mfeed.ad.jp   cycle_time=3
2026/09/03 13:47:10        NTP	 ntp.jst.mfeed.ad.jp : Unknown host
2026/09/03 13:57:04      DHCPC	 DHCPRELEASE on br0 to 192.168.0.1 port 67
2026/09/03 13:57:04      DHCPC	 adapter index 2
2026/09/03 13:57:06      DHCPC	 adapter index 12
2026/09/03 13:57:06      DHCPC	 DHCPDISCOVER on br0 to 255.255.255.255 port 67 interval 4
2026/09/03 13:57:06      DHCPC	 adapter index 12
2026/09/03 13:57:06      DHCPC	 DHCPOFFER from br0:192.168.0.1
2026/09/03 13:57:06      DHCPC	 DHCPREQUEST on br0 to 255.255.255.255 port 67
2026/09/03 13:57:06      DHCPC	 adapter index 12
2026/09/03 13:57:06      DHCPC	 DHCPACK from 192.168.0.1
2026/09/03 13:57:10        NTP	 start ntpclient
2026/09/03 13:57:10        NTP	 probe_count=5  hostname=ntp.jst.mfeed.ad.jp   cycle_time=3
2026/09/03 13:57:15        NTP	 ntp.jst.mfeed.ad.jp : Unknown host
2026/09/03 13:57:17      DHCPC	 bound to 192.168.0.16 -- renewal in 86389 seconds.
2026/09/03 13:57:44        NTP	 start ntpclient
2026/09/03 13:57:44        NTP	 probe_count=5  hostname=ntp.jst.mfeed.ad.jp   cycle_time=3
2026/09/03 13:57:44        NTP	 ntp server address 210.173.160.87
2026/09/03 13:57:45        NTP	 SUCCESS: set time :  Thu Sep  3 13:57:45 2026
2026/09/03 13:57:45        NTP	 exit ntpclient
2026/09/03 14:08:56      DHCPC	 DHCPRELEASE on br0 to 192.168.0.1 port 67
2026/09/03 14:08:56      DHCPC	 adapter index 2
2026/09/03 14:08:56      DHCPC	 adapter index 12
2026/09/03 14:08:56      DHCPC	 DHCPDISCOVER on br0 to 255.255.255.255 port 67 interval 4
2026/09/03 14:08:56      DHCPC	 adapter index 12
2026/09/03 14:08:57      DHCPC	 DHCPOFFER from br0:192.168.0.1
2026/09/03 14:08:57      DHCPC	 DHCPREQUEST on br0 to 255.255.255.255 port 67
2026/09/03 14:08:57      DHCPC	 adapter index 12
2026/09/03 14:08:57      DHCPC	 DHCPACK from 192.168.0.1
2026/09/03 14:09:10      DHCPC	 bound to 192.168.0.16 -- renewal in 86388 seconds.
2026/09/03 14:09:40        NTP	 start ntpclient
2026/09/03 14:09:40        NTP	 probe_count=5  hostname=ntp.jst.mfeed.ad.jp   cycle_time=3
2026/09/03 14:09:45        NTP	 ntp.jst.mfeed.ad.jp : Unknown host
2026/09/03 14:12:33      DHCPC	 DHCPRELEASE on br0 to 192.168.0.1 port 67
2026/09/03 14:12:35      DHCPC	 adapter index 2
2026/09/03 14:12:36      DHCPC	 adapter index 12
2026/09/03 14:12:36      DHCPC	 DHCPDISCOVER on br0 to 255.255.255.255 port 67 interval 4
2026/09/03 14:12:36      DHCPC	 adapter index 12
2026/09/03 14:12:37      DHCPC	 DHCPOFFER from br0:192.168.0.1
2026/09/03 14:12:37      DHCPC	 DHCPREQUEST on br0 to 255.255.255.255 port 67
2026/09/03 14:12:37      DHCPC	 adapter index 12
2026/09/03 14:12:37      DHCPC	 DHCPACK from 192.168.0.1
2026/09/03 14:13:08      DHCPC	 bound to 192.168.0.16 -- renewal in 86369 seconds.
2026/09/03 14:13:23        NTP	 start ntpclient
2026/09/03 14:13:23        NTP	 probe_count=5  hostname=ntp.jst.mfeed.ad.jp   cycle_time=3
2026/09/03 14:13:24      DHCPC	 DHCPRELEASE on br0 to 192.168.0.1 port 67
2026/09/03 14:13:24      DHCPC	 adapter index 2
2026/09/03 14:13:24      DHCPC	 adapter index 12
2026/09/03 14:13:24      DHCPC	 DHCPDISCOVER on br0 to 255.255.255.255 port 67 interval 4
2026/09/03 14:13:24      DHCPC	 adapter index 12
2026/09/03 14:13:24      DHCPC	 DHCPOFFER from br0:192.168.0.1
2026/09/03 14:13:24      DHCPC	 DHCPREQUEST on br0 to 255.255.255.255 port 67
2026/09/03 14:13:24      DHCPC	 adapter index 12
2026/09/03 14:13:24      DHCPC	 DHCPACK from 192.168.0.1
2026/09/03 14:13:27      DHCPC	 bound to 192.168.0.16 -- renewal in 86398 seconds.
2026/09/03 14:13:28        NTP	 ntp.jst.mfeed.ad.jp : Unknown host
2026/09/03 14:14:26        NTP	 start ntpclient
2026/09/03 14:14:26        NTP	 probe_count=5  hostname=ntp.jst.mfeed.ad.jp   cycle_time=3
2026/09/03 14:14:31        NTP	 ntp.jst.mfeed.ad.jp : Unknown host
2026/09/03 14:16:24      DHCPC	 DHCPRELEASE on br0 to 192.168.0.1 port 67
2026/09/03 14:16:48      DHCPC	 adapter index 2
2026/09/03 14:16:48      DHCPC	 adapter index 12
2026/09/03 14:16:48      DHCPC	 DHCPDISCOVER on br0 to 255.255.255.255 port 67 interval 4
2026/09/03 14:16:48      DHCPC	 adapter index 12
2026/09/03 14:16:48      DHCPC	 DHCPOFFER from br0:192.168.0.1
2026/09/03 14:16:48      DHCPC	 DHCPREQUEST on br0 to 255.255.255.255 port 67
2026/09/03 14:16:48      DHCPC	 adapter index 12
2026/09/03 14:16:48      DHCPC	 DHCPACK from 192.168.0.1
2026/09/03 14:18:14      DHCPC	 bound to 192.168.0.16 -- renewal in 86315 seconds.
2026/09/03 14:18:15        NTP	 start ntpclient
2026/09/03 14:18:15        NTP	 probe_count=5  hostname=ntp.jst.mfeed.ad.jp   cycle_time=3
2026/09/03 14:18:15        NTP	 ntp server address 210.173.160.27
2026/09/03 14:18:16        NTP	 SUCCESS: set time :  Thu Sep  3 14:18:16 2026
2026/09/03 14:18:16        NTP	 exit ntpclient
2026/09/03 14:23:35      DHCPC	 DHCPRELEASE on br0 to 192.168.0.1 port 67
2026/09/03 14:23:35      DHCPC	 adapter index 2
2026/09/03 14:23:39      DHCPC	 adapter index 12
2026/09/03 14:23:39      DHCPC	 DHCPDISCOVER on br0 to 255.255.255.255 port 67 interval 4
2026/09/03 14:23:39      DHCPC	 adapter index 12
2026/09/03 14:23:39      DHCPC	 DHCPOFFER from br0:192.168.0.1
2026/09/03 14:23:39      DHCPC	 DHCPREQUEST on br0 to 255.255.255.255 port 67
2026/09/03 14:23:39      DHCPC	 adapter index 12
2026/09/03 14:23:39      DHCPC	 DHCPACK from 192.168.0.1
2026/09/03 14:23:42      DHCPC	 bound to 192.168.0.16 -- renewal in 86397 seconds.
2026/09/03 14:24:12        NTP	 start ntpclient
2026/09/03 14:24:12        NTP	 probe_count=5  hostname=ntp.jst.mfeed.ad.jp   cycle_time=3
2026/09/03 14:24:17        NTP	 ntp.jst.mfeed.ad.jp : Unknown host
2026/09/03 14:25:12      DHCPC	 DHCPRELEASE on br0 to 192.168.0.1 port 67
2026/09/03 14:25:13      DHCPC	 adapter index 2
2026/09/03 14:25:13      DHCPC	 adapter index 12
2026/09/03 14:25:13      DHCPC	 DHCPDISCOVER on br0 to 255.255.255.255 port 67 interval 4
2026/09/03 14:25:13      DHCPC	 adapter index 12
2026/09/03 14:25:13      DHCPC	 DHCPOFFER from br0:192.168.0.1
2026/09/03 14:25:13      DHCPC	 DHCPREQUEST on br0 to 255.255.255.255 port 67
2026/09/03 14:25:13      DHCPC	 adapter index 12
2026/09/03 14:25:13      DHCPC	 DHCPACK from 192.168.0.1
2026/09/03 14:25:36      DHCPC	 bound to 192.168.0.16 -- renewal in 86377 seconds.
2026/09/03 14:26:20        NTP	 start ntpclient
2026/09/03 14:26:20        NTP	 probe_count=5  hostname=ntp.jst.mfeed.ad.jp   cycle_time=3
2026/09/03 14:26:25        NTP	 ntp.jst.mfeed.ad.jp : Unknown host
2026/09/03 14:32:45      DHCPC	 DHCPRELEASE on br0 to 192.168.0.1 port 67
2026/09/03 14:33:20      DHCPC	 adapter index 2
2026/09/03 14:33:20      DHCPC	 adapter index 12
2026/09/03 14:33:20      DHCPC	 DHCPDISCOVER on br0 to 255.255.255.255 port 67 interval 4
2026/09/03 14:33:20      DHCPC	 adapter index 12
2026/09/03 14:33:21      DHCPC	 DHCPOFFER from br0:192.168.0.1
2026/09/03 14:33:21      DHCPC	 DHCPREQUEST on br0 to 255.255.255.255 port 67
2026/09/03 14:33:21      DHCPC	 adapter index 12
2026/09/03 14:33:21      DHCPC	 DHCPACK from 192.168.0.1
2026/09/03 14:33:36      DHCPC	 bound to 192.168.0.16 -- renewal in 86385 seconds.
2026/09/03 14:34:15        NTP	 start ntpclient
2026/09/03 14:34:15        NTP	 probe_count=5  hostname=ntp.jst.mfeed.ad.jp   cycle_time=3
2026/09/03 14:34:15        NTP	 ntp server address 210.173.160.27
2026/09/03 14:34:16        NTP	 SUCCESS: set time :  Thu Sep  3 14:34:16 2026
2026/09/03 14:34:16        NTP	 exit ntpclient
2026/09/03 14:34:34      DHCPC	 DHCPRELEASE on br0 to 192.168.0.1 port 67
2026/09/03 14:35:33      DHCPC	 adapter index 2
2026/09/03 14:35:33      DHCPC	 adapter index 12
2026/09/03 14:35:33      DHCPC	 DHCPDISCOVER on br0 to 255.255.255.255 port 67 interval 4
2026/09/03 14:35:33      DHCPC	 adapter index 12
2026/09/03 14:35:34      DHCPC	 DHCPOFFER from br0:192.168.0.1
2026/09/03 14:35:34      DHCPC	 DHCPREQUEST on br0 to 255.255.255.255 port 67
2026/09/03 14:35:34      DHCPC	 adapter index 12
2026/09/03 14:35:34      DHCPC	 DHCPACK from 192.168.0.1
2026/09/03 14:36:16      DHCPC	 bound to 192.168.0.16 -- renewal in 86358 seconds.
2026/09/03 14:36:18        NTP	 start ntpclient
2026/09/03 14:36:18        NTP	 probe_count=5  hostname=ntp.jst.mfeed.ad.jp   cycle_time=3
2026/09/03 14:36:18        NTP	 ntp server address 210.173.160.27
2026/09/03 14:36:18        NTP	 SUCCESS: set time :  Thu Sep  3 14:36:18 2026
2026/09/03 14:36:18        NTP	 exit ntpclient
2026/09/03 14:37:20      DHCPC	 DHCPRELEASE on br0 to 192.168.0.1 port 67
2026/09/03 14:37:20      DHCPC	 adapter index 2
2026/09/03 14:37:23      DHCPC	 adapter index 12
2026/09/03 14:37:23      DHCPC	 DHCPDISCOVER on br0 to 255.255.255.255 port 67 interval 4
2026/09/03 14:37:23      DHCPC	 adapter index 12
2026/09/03 14:37:23      DHCPC	 DHCPOFFER from br0:192.168.0.1
2026/09/03 14:37:23      DHCPC	 DHCPREQUEST on br0 to 255.255.255.255 port 67
2026/09/03 14:37:23      DHCPC	 adapter index 12
2026/09/03 14:37:23      DHCPC	 DHCPACK from 192.168.0.1
2026/09/03 14:37:46      DHCPC	 bound to 192.168.0.16 -- renewal in 86378 seconds.
2026/09/03 14:38:28        NTP	 start ntpclient
2026/09/03 14:38:28        NTP	 probe_count=5  hostname=ntp.jst.mfeed.ad.jp   cycle_time=3
2026/09/03 14:38:33        NTP	 ntp.jst.mfeed.ad.jp : Unknown host
2026/09/03 14:48:05      DHCPC	 DHCPRELEASE on br0 to 192.168.0.1 port 67
2026/09/03 14:48:33        NTP	 start ntpclient
2026/09/03 14:48:33        NTP	 probe_count=5  hostname=ntp.jst.mfeed.ad.jp   cycle_time=3
2026/09/03 14:48:38        NTP	 ntp.jst.mfeed.ad.jp : Unknown host
2026/09/03 14:48:46      DHCPC	 adapter index 2
2026/09/03 14:48:46      DHCPC	 adapter index 12
2026/09/03 14:48:46      DHCPC	 DHCPDISCOVER on br0 to 255.255.255.255 port 67 interval 4
2026/09/03 14:48:46      DHCPC	 adapter index 12
2026/09/03 14:48:47      DHCPC	 DHCPOFFER from br0:192.168.0.1
2026/09/03 14:48:47      DHCPC	 DHCPREQUEST on br0 to 255.255.255.255 port 67
2026/09/03 14:48:47      DHCPC	 adapter index 12
2026/09/03 14:48:47      DHCPC	 DHCPACK from 192.168.0.1
2026/09/03 14:49:08      DHCPC	 bound to 192.168.0.16 -- renewal in 86380 seconds.
2026/09/03 14:49:55      DHCPC	 DHCPRELEASE on br0 to 192.168.0.1 port 67
2026/09/03 14:50:23      DHCPC	 adapter index 2
2026/09/03 14:50:23      DHCPC	 adapter index 12
2026/09/03 14:50:23      DHCPC	 DHCPDISCOVER on br0 to 255.255.255.255 port 67 interval 4
2026/09/03 14:50:23      DHCPC	 adapter index 12
2026/09/03 14:50:23      DHCPC	 DHCPOFFER from br0:192.168.0.1
2026/09/03 14:50:23      DHCPC	 DHCPREQUEST on br0 to 255.255.255.255 port 67
2026/09/03 14:50:23      DHCPC	 adapter index 12
2026/09/03 14:50:23      DHCPC	 DHCPACK from 192.168.0.1
2026/09/03 14:50:25        NTP	 start ntpclient
2026/09/03 14:50:25        NTP	 probe_count=5  hostname=ntp.jst.mfeed.ad.jp   cycle_time=3
2026/09/03 14:50:30        NTP	 ntp.jst.mfeed.ad.jp : Unknown host
2026/09/03 14:51:17      DHCPC	 bound to 192.168.0.16 -- renewal in 86346 seconds.
2026/09/03 14:52:44        NTP	 start ntpclient
2026/09/03 14:52:44        NTP	 probe_count=5  hostname=ntp.jst.mfeed.ad.jp   cycle_time=3
2026/09/03 14:52:44        NTP	 ntp server address 210.173.160.57
2026/09/03 14:52:45        NTP	 SUCCESS: set time :  Thu Sep  3 14:52:45 2026
2026/09/03 14:52:45        NTP	 exit ntpclient
2026/09/03 15:05:10      DHCPC	 DHCPRELEASE on br0 to 192.168.0.1 port 67
2026/09/03 15:05:29      DHCPC	 adapter index 2
2026/09/03 15:05:29      DHCPC	 adapter index 12
2026/09/03 15:05:29      DHCPC	 DHCPDISCOVER on br0 to 255.255.255.255 port 67 interval 4
2026/09/03 15:05:29      DHCPC	 adapter index 12
2026/09/03 15:05:30      DHCPC	 DHCPOFFER from br0:192.168.0.1
2026/09/03 15:05:30      DHCPC	 DHCPREQUEST on br0 to 255.255.255.255 port 67
2026/09/03 15:05:30      DHCPC	 adapter index 12
2026/09/03 15:05:30      DHCPC	 DHCPACK from 192.168.0.1
2026/09/03 15:06:07      DHCPC	 bound to 192.168.0.16 -- renewal in 86364 seconds.
2026/09/03 15:06:29        NTP	 start ntpclient
2026/09/03 15:06:29        NTP	 probe_count=5  hostname=ntp.jst.mfeed.ad.jp   cycle_time=3
2026/09/03 15:06:29        NTP	 ntp server address 210.173.160.87
2026/09/03 15:06:30        NTP	 SUCCESS: set time :  Thu Sep  3 15:06:30 2026
2026/09/03 15:06:30        NTP	 exit ntpclient
2026/09/03 15:07:12      DHCPC	 DHCPRELEASE on br0 to 192.168.0.1 port 67
2026/09/03 15:07:38      DHCPC	 adapter index 2
2026/09/03 15:07:38      DHCPC	 adapter index 12
2026/09/03 15:07:38      DHCPC	 DHCPDISCOVER on br0 to 255.255.255.255 port 67 interval 4
2026/09/03 15:07:38      DHCPC	 adapter index 12
2026/09/03 15:07:38      DHCPC	 DHCPOFFER from br0:192.168.0.1
2026/09/03 15:07:38      DHCPC	 DHCPREQUEST on br0 to 255.255.255.255 port 67
2026/09/03 15:07:38      DHCPC	 adapter index 12
2026/09/03 15:07:38      DHCPC	 DHCPACK from 192.168.0.1
2026/09/03 15:09:04      DHCPC	 bound to 192.168.0.16 -- renewal in 86314 seconds.
2026/09/03 15:09:05        NTP	 start ntpclient
2026/09/03 15:09:05        NTP	 probe_count=5  hostname=ntp.jst.mfeed.ad.jp   cycle_time=3
2026/09/03 15:09:05        NTP	 ntp server address 210.173.160.57
2026/09/03 15:09:05        NTP	 SUCCESS: set time :  Thu Sep  3 15:09:05 2026
2026/09/03 15:09:05        NTP	 exit ntpclient
2026/09/03 15:13:03      DHCPC	 DHCPRELEASE on br0 to 192.168.0.1 port 67
2026/09/03 15:13:42      DHCPC	 adapter index 2
2026/09/03 15:13:43      DHCPC	 adapter index 12
2026/09/03 15:13:43      DHCPC	 DHCPDISCOVER on br0 to 255.255.255.255 port 67 interval 4
2026/09/03 15:13:43      DHCPC	 adapter index 12
2026/09/03 15:13:43      DHCPC	 DHCPOFFER from br0:192.168.0.1
2026/09/03 15:13:43      DHCPC	 DHCPREQUEST on br0 to 255.255.255.255 port 67
2026/09/03 15:13:43      DHCPC	 adapter index 12
2026/09/03 15:13:43      DHCPC	 DHCPACK from 192.168.0.1
2026/09/03 15:14:34      DHCPC	 bound to 192.168.0.16 -- renewal in 86349 seconds.
2026/09/03 15:15:12        NTP	 start ntpclient
2026/09/03 15:15:12        NTP	 probe_count=5  hostname=ntp.jst.mfeed.ad.jp   cycle_time=3
2026/09/03 15:15:17        NTP	 ntp.jst.mfeed.ad.jp : Unknown host
2026/09/03 15:20:51      DHCPC	 DHCPRELEASE on br0 to 192.168.0.1 port 67
2026/09/03 15:21:19      DHCPC	 adapter index 2
2026/09/03 15:21:19      DHCPC	 adapter index 12
2026/09/03 15:21:19      DHCPC	 DHCPDISCOVER on br0 to 255.255.255.255 port 67 interval 4
2026/09/03 15:21:19      DHCPC	 adapter index 12
2026/09/03 15:21:19      DHCPC	 DHCPOFFER from br0:192.168.0.1
2026/09/03 15:21:19      DHCPC	 DHCPREQUEST on br0 to 255.255.255.255 port 67
2026/09/03 15:21:19      DHCPC	 adapter index 12
2026/09/03 15:21:19      DHCPC	 DHCPACK from 192.168.0.1
2026/09/03 15:21:54      DHCPC	 bound to 192.168.0.16 -- renewal in 86366 seconds.
2026/09/03 15:21:54        NTP	 start ntpclient
2026/09/03 15:21:54        NTP	 probe_count=5  hostname=ntp.jst.mfeed.ad.jp   cycle_time=3
2026/09/03 15:21:54        NTP	 ntp server address 210.173.160.27
2026/09/03 15:21:55        NTP	 SUCCESS: set time :  Thu Sep  3 15:21:55 2026
2026/09/03 15:21:55        NTP	 exit ntpclient
2026/09/03 15:22:58      DHCPC	 DHCPRELEASE on br0 to 192.168.0.1 port 67
2026/09/03 15:23:44      DHCPC	 adapter index 2
2026/09/03 15:23:44      DHCPC	 adapter index 12
2026/09/03 15:23:44      DHCPC	 DHCPDISCOVER on br0 to 255.255.255.255 port 67 interval 4
2026/09/03 15:23:44      DHCPC	 adapter index 12
2026/09/03 15:23:45      DHCPC	 DHCPOFFER from br0:192.168.0.1
2026/09/03 15:23:45      DHCPC	 DHCPREQUEST on br0 to 255.255.255.255 port 67
2026/09/03 15:23:45      DHCPC	 adapter index 12
2026/09/03 15:23:45      DHCPC	 DHCPACK from 192.168.0.1
2026/09/03 15:25:07      DHCPC	 bound to 192.168.0.16 -- renewal in 86319 seconds.
2026/09/03 15:25:07        NTP	 start ntpclient
2026/09/03 15:25:07        NTP	 probe_count=5  hostname=ntp.jst.mfeed.ad.jp   cycle_time=3
2026/09/03 15:25:07        NTP	 ntp server address 210.173.160.87
2026/09/03 15:25:07        NTP	 SUCCESS: set time :  Thu Sep  3 15:25:07 2026
2026/09/03 15:25:07        NTP	 exit ntpclient
2026/09/03 15:48:13      DHCPC	 DHCPRELEASE on br0 to 192.168.0.1 port 67
2026/09/03 15:48:58      DHCPC	 adapter index 2
2026/09/03 15:48:58      DHCPC	 adapter index 12
2026/09/03 15:48:58      DHCPC	 DHCPDISCOVER on br0 to 255.255.255.255 port 67 interval 4
2026/09/03 15:48:58      DHCPC	 adapter index 12
2026/09/03 15:48:59      DHCPC	 DHCPOFFER from br0:192.168.0.1
2026/09/03 15:48:59      DHCPC	 DHCPREQUEST on br0 to 255.255.255.255 port 67
2026/09/03 15:48:59      DHCPC	 adapter index 12
2026/09/03 15:48:59      DHCPC	 DHCPACK from 192.168.0.1
2026/09/03 15:50:01      DHCPC	 bound to 192.168.0.16 -- renewal in 86338 seconds.
2026/09/03 15:50:27        NTP	 start ntpclient
2026/09/03 15:50:27        NTP	 probe_count=5  hostname=ntp.jst.mfeed.ad.jp   cycle_time=3
2026/09/03 15:50:27        NTP	 ntp server address 210.173.160.27
2026/09/03 15:50:28        NTP	 SUCCESS: set time :  Thu Sep  3 15:50:28 2026
2026/09/03 15:50:28        NTP	 exit ntpclient
2026/09/03 15:50:29        NTP	 start ntpclient
2026/09/03 15:50:29        NTP	 probe_count=5  hostname=ntp.jst.mfeed.ad.jp   cycle_time=3
2026/09/03 15:50:29        NTP	 ntp server address 210.173.160.57
2026/09/03 15:50:29        NTP	 SUCCESS: set time :  Thu Sep  3 15:50:29 2026
2026/09/03 15:50:29        NTP	 exit ntpclient
2026/09/03 15:51:46        NTP	 start ntpclient
2026/09/03 15:51:46        NTP	 probe_count=5  hostname=ntp.jst.mfeed.ad.jp   cycle_time=3
2026/09/03 15:51:46        NTP	 ntp server address 210.173.160.27
2026/09/03 15:51:46        NTP	 SUCCESS: set time :  Thu Sep  3 15:51:46 2026
2026/09/03 15:51:46        NTP	 exit ntpclient
2026/09/03 16:12:05      DHCPC	 DHCPRELEASE on br0 to 192.168.0.1 port 67
2026/09/03 16:12:25      DHCPC	 adapter index 2
2026/09/03 16:12:25      DHCPC	 adapter index 12
2026/09/03 16:12:25      DHCPC	 DHCPDISCOVER on br0 to 255.255.255.255 port 67 interval 4
2026/09/03 16:12:25      DHCPC	 adapter index 12
2026/09/03 16:12:26      DHCPC	 DHCPOFFER from br0:192.168.0.1
2026/09/03 16:12:26      DHCPC	 DHCPREQUEST on br0 to 255.255.255.255 port 67
2026/09/03 16:12:26      DHCPC	 adapter index 12
2026/09/03 16:12:26      DHCPC	 DHCPACK from 192.168.0.1
2026/09/03 16:12:47      DHCPC	 bound to 192.168.0.16 -- renewal in 86380 seconds.
2026/09/03 16:12:47        NTP	 start ntpclient
2026/09/03 16:12:47        NTP	 probe_count=5  hostname=ntp.jst.mfeed.ad.jp   cycle_time=3
2026/09/03 16:12:47        NTP	 ntp server address 210.173.160.87
2026/09/03 16:12:48        NTP	 SUCCESS: set time :  Thu Sep  3 16:12:48 2026
2026/09/03 16:12:48        NTP	 exit ntpclient
2026/09/03 16:13:37      DHCPC	 DHCPRELEASE on br0 to 192.168.0.1 port 67
2026/09/03 16:13:39      DHCPC	 adapter index 2
2026/09/03 16:13:39      DHCPC	 adapter index 12
2026/09/03 16:13:39      DHCPC	 DHCPDISCOVER on br0 to 255.255.255.255 port 67 interval 4
2026/09/03 16:13:39      DHCPC	 adapter index 12
2026/09/03 16:13:39      DHCPC	 DHCPOFFER from br0:192.168.0.1
2026/09/03 16:13:39      DHCPC	 DHCPREQUEST on br0 to 255.255.255.255 port 67
2026/09/03 16:13:39      DHCPC	 adapter index 12
2026/09/03 16:13:39      DHCPC	 DHCPACK from 192.168.0.1
2026/09/03 16:13:49      DHCPC	 bound to 192.168.0.16 -- renewal in 86391 seconds.
2026/09/03 16:13:57        NTP	 start ntpclient
2026/09/03 16:13:57        NTP	 probe_count=5  hostname=ntp.jst.mfeed.ad.jp   cycle_time=3
2026/09/03 16:13:57        NTP	 ntp server address 210.173.160.27
2026/09/03 16:13:58        NTP	 SUCCESS: set time :  Thu Sep  3 16:13:58 2026
2026/09/03 16:13:58        NTP	 exit ntpclient
2026/09/03 16:30:35      DHCPC	 DHCPRELEASE on br0 to 192.168.0.1 port 67
2026/09/03 16:30:47      DHCPC	 adapter index 2
2026/09/03 16:30:47      DHCPC	 adapter index 12
2026/09/03 16:30:47      DHCPC	 DHCPDISCOVER on br0 to 255.255.255.255 port 67 interval 4
2026/09/03 16:30:47      DHCPC	 adapter index 12
2026/09/03 16:30:48      DHCPC	 DHCPOFFER from br0:192.168.0.1
2026/09/03 16:30:48      DHCPC	 DHCPREQUEST on br0 to 255.255.255.255 port 67
2026/09/03 16:30:48      DHCPC	 adapter index 12
2026/09/03 16:30:48      DHCPC	 DHCPACK from 192.168.0.1
2026/09/03 16:31:11      DHCPC	 bound to 192.168.0.16 -- renewal in 86378 seconds.
2026/09/03 16:31:23        NTP	 start ntpclient
2026/09/03 16:31:23        NTP	 probe_count=5  hostname=ntp.jst.mfeed.ad.jp   cycle_time=3
2026/09/03 16:31:28        NTP	 ntp.jst.mfeed.ad.jp : Unknown host
2026/09/03 16:33:18      DHCPC	 DHCPRELEASE on br0 to 192.168.0.1 port 67
2026/09/03 16:33:18      DHCPC	 adapter index 2
2026/09/03 16:33:22      DHCPC	 adapter index 12
2026/09/03 16:33:22      DHCPC	 DHCPDISCOVER on br0 to 255.255.255.255 port 67 interval 4
2026/09/03 16:33:22      DHCPC	 adapter index 12
2026/09/03 16:33:22      DHCPC	 DHCPOFFER from br0:192.168.0.1
2026/09/03 16:33:22      DHCPC	 DHCPREQUEST on br0 to 255.255.255.255 port 67
2026/09/03 16:33:22      DHCPC	 adapter index 12
2026/09/03 16:33:22      DHCPC	 DHCPACK from 192.168.0.1
2026/09/03 16:33:25      DHCPC	 bound to 192.168.0.16 -- renewal in 86398 seconds.
2026/09/03 16:33:37        NTP	 start ntpclient
2026/09/03 16:33:37        NTP	 probe_count=5  hostname=ntp.jst.mfeed.ad.jp   cycle_time=3
2026/09/03 16:33:37        NTP	 ntp server address 210.173.160.57
2026/09/03 16:33:38        NTP	 SUCCESS: set time :  Thu Sep  3 16:33:38 2026
2026/09/03 16:33:38        NTP	 exit ntpclient
2026/09/03 16:57:52      DHCPC	 DHCPRELEASE on br0 to 192.168.0.1 port 67
2026/09/03 16:57:52      DHCPC	 adapter index 2
2026/09/03 16:57:52      DHCPC	 adapter index 12
2026/09/03 16:57:52      DHCPC	 DHCPDISCOVER on br0 to 255.255.255.255 port 67 interval 4
2026/09/03 16:57:52      DHCPC	 adapter index 12
2026/09/03 16:57:52      DHCPC	 DHCPOFFER from br0:192.168.0.1
2026/09/03 16:57:52      DHCPC	 DHCPREQUEST on br0 to 255.255.255.255 port 67
2026/09/03 16:57:52      DHCPC	 adapter index 12
2026/09/03 16:57:52      DHCPC	 DHCPACK from 192.168.0.1
2026/09/03 16:58:27      DHCPC	 bound to 192.168.0.16 -- renewal in 86366 seconds.
2026/09/03 16:58:28        NTP	 start ntpclient
2026/09/03 16:58:28        NTP	 probe_count=5  hostname=ntp.jst.mfeed.ad.jp   cycle_time=3
2026/09/03 16:58:33        NTP	 ntp.jst.mfeed.ad.jp : Unknown host
2026/09/03 16:59:44      DHCPC	 DHCPRELEASE on br0 to 192.168.0.1 port 67
2026/09/03 16:59:58      DHCPC	 adapter index 2
2026/09/03 16:59:58      DHCPC	 adapter index 12
2026/09/03 16:59:58      DHCPC	 DHCPDISCOVER on br0 to 255.255.255.255 port 67 interval 4
2026/09/03 16:59:58      DHCPC	 adapter index 12
2026/09/03 16:59:58      DHCPC	 DHCPOFFER from br0:192.168.0.1
2026/09/03 16:59:58      DHCPC	 DHCPREQUEST on br0 to 255.255.255.255 port 67
2026/09/03 16:59:58      DHCPC	 adapter index 12
2026/09/03 16:59:58      DHCPC	 DHCPACK from 192.168.0.1
2026/09/03 17:00:27      DHCPC	 bound to 192.168.0.16 -- renewal in 86372 seconds.
2026/09/03 17:00:38        NTP	 start ntpclient
2026/09/03 17:00:38        NTP	 probe_count=5  hostname=ntp.jst.mfeed.ad.jp   cycle_time=3
2026/09/03 17:00:40      DHCPC	 DHCPRELEASE on br0 to 192.168.0.1 port 67
2026/09/03 17:00:40      DHCPC	 adapter index 2
2026/09/03 17:00:42      DHCPC	 adapter index 12
2026/09/03 17:00:42      DHCPC	 DHCPDISCOVER on br0 to 255.255.255.255 port 67 interval 4
2026/09/03 17:00:42      DHCPC	 adapter index 12
2026/09/03 17:00:42      DHCPC	 DHCPOFFER from br0:192.168.0.1
2026/09/03 17:00:42      DHCPC	 DHCPREQUEST on br0 to 255.255.255.255 port 67
2026/09/03 17:00:42      DHCPC	 adapter index 12
2026/09/03 17:00:42      DHCPC	 DHCPACK from 192.168.0.1
2026/09/03 17:00:43        NTP	 ntp.jst.mfeed.ad.jp : Unknown host
2026/09/03 17:00:45      DHCPC	 bound to 192.168.0.16 -- renewal in 86398 seconds.
2026/09/03 17:01:11        NTP	 start ntpclient
2026/09/03 17:01:11        NTP	 probe_count=5  hostname=ntp.jst.mfeed.ad.jp   cycle_time=3
2026/09/03 17:01:11        NTP	 ntp server address 210.173.160.57
2026/09/03 17:01:13        NTP	 SUCCESS: set time :  Thu Sep  3 17:01:13 2026
2026/09/03 17:01:13        NTP	 exit ntpclient
2026/09/03 17:02:53      DHCPC	 DHCPRELEASE on br0 to 192.168.0.1 port 67
2026/09/03 17:02:53      DHCPC	 adapter index 2
2026/09/03 17:02:53      DHCPC	 adapter index 12
2026/09/03 17:02:53      DHCPC	 DHCPDISCOVER on br0 to 255.255.255.255 port 67 interval 4
2026/09/03 17:02:53      DHCPC	 adapter index 12
2026/09/03 17:02:53      DHCPC	 DHCPOFFER from br0:192.168.0.1
2026/09/03 17:02:53      DHCPC	 DHCPREQUEST on br0 to 255.255.255.255 port 67
2026/09/03 17:02:53      DHCPC	 adapter index 12
2026/09/03 17:02:53      DHCPC	 DHCPACK from 192.168.0.1
2026/09/03 17:03:12      DHCPC	 bound to 192.168.0.16 -- renewal in 86382 seconds.
2026/09/03 17:03:48        NTP	 start ntpclient
2026/09/03 17:03:48        NTP	 probe_count=5  hostname=ntp.jst.mfeed.ad.jp   cycle_time=3
2026/09/03 17:03:53        NTP	 ntp.jst.mfeed.ad.jp : Unknown host
2026/09/03 17:04:07      DHCPC	 DHCPRELEASE on br0 to 192.168.0.1 port 67
2026/09/03 17:04:07      DHCPC	 adapter index 2
2026/09/03 17:04:11      DHCPC	 adapter index 12
2026/09/03 17:04:11      DHCPC	 DHCPDISCOVER on br0 to 255.255.255.255 port 67 interval 4
2026/09/03 17:04:11      DHCPC	 adapter index 12
2026/09/03 17:04:11      DHCPC	 DHCPOFFER from br0:192.168.0.1
2026/09/03 17:04:11      DHCPC	 DHCPREQUEST on br0 to 255.255.255.255 port 67
2026/09/03 17:04:11      DHCPC	 adapter index 12
2026/09/03 17:04:11      DHCPC	 DHCPACK from 192.168.0.1
2026/09/03 17:04:52      DHCPC	 bound to 192.168.0.16 -- renewal in 86359 seconds.
2026/09/03 17:05:15        NTP	 start ntpclient
2026/09/03 17:05:15        NTP	 probe_count=5  hostname=ntp.jst.mfeed.ad.jp   cycle_time=3
2026/09/03 17:05:20        NTP	 ntp.jst.mfeed.ad.jp : Unknown host
2026/09/03 17:09:23      DHCPC	 DHCPRELEASE on br0 to 192.168.0.1 port 67
2026/09/03 17:09:41      DHCPC	 adapter index 2
2026/09/03 17:09:41      DHCPC	 adapter index 12
2026/09/03 17:09:41      DHCPC	 DHCPDISCOVER on br0 to 255.255.255.255 port 67 interval 4
2026/09/03 17:09:41      DHCPC	 adapter index 12
2026/09/03 17:09:42      DHCPC	 DHCPOFFER from br0:192.168.0.1
2026/09/03 17:09:42      DHCPC	 DHCPREQUEST on br0 to 255.255.255.255 port 67
2026/09/03 17:09:42      DHCPC	 adapter index 12
2026/09/03 17:09:42      DHCPC	 DHCPACK from 192.168.0.1
2026/09/03 17:10:20      DHCPC	 bound to 192.168.0.16 -- renewal in 86362 seconds.
2026/09/03 17:10:21        NTP	 start ntpclient
2026/09/03 17:10:21        NTP	 probe_count=5  hostname=ntp.jst.mfeed.ad.jp   cycle_time=3
2026/09/03 17:10:26        NTP	 ntp.jst.mfeed.ad.jp : Unknown host
2026/09/03 17:10:38      DHCPC	 DHCPRELEASE on br0 to 192.168.0.1 port 67
2026/09/03 17:11:23      DHCPC	 adapter index 2
2026/09/03 17:11:23      DHCPC	 adapter index 12
2026/09/03 17:11:23      DHCPC	 DHCPDISCOVER on br0 to 255.255.255.255 port 67 interval 4
2026/09/03 17:11:23      DHCPC	 adapter index 12
2026/09/03 17:11:23      DHCPC	 DHCPDISCOVER on br0 to 255.255.255.255 port 67 interval 8
2026/09/03 17:11:23      DHCPC	 adapter index 12
2026/09/03 17:11:31      DHCPC	 DHCPDISCOVER on br0 to 255.255.255.255 port 67 interval 16
2026/09/03 17:11:31      DHCPC	 adapter index 12
2026/09/03 17:11:31      DHCPC	 DHCPOFFER from br0:192.168.0.1
2026/09/03 17:11:31      DHCPC	 DHCPREQUEST on br0 to 255.255.255.255 port 67
2026/09/03 17:11:31      DHCPC	 adapter index 12
2026/09/03 17:11:31      DHCPC	 DHCPACK from 192.168.0.1
2026/09/03 17:11:51      DHCPC	 bound to 192.168.0.16 -- renewal in 86381 seconds.
2026/09/03 17:11:51        NTP	 start ntpclient
2026/09/03 17:11:51        NTP	 probe_count=5  hostname=ntp.jst.mfeed.ad.jp   cycle_time=3
2026/09/03 17:11:51        NTP	 ntp server address 210.173.160.27
2026/09/03 17:11:52        NTP	 SUCCESS: set time :  Thu Sep  3 17:11:52 2026
2026/09/03 17:11:52        NTP	 exit ntpclient
